engine_id,cycle,operational_setting_1,operational_setting_2,sensor_1,sensor_2,sensor_3,sensor_4,sensor_5,RUL
1,1,0.8745401188473625,77.04285838459498,103.23844269050346,107.61514928204012,98.82923312638331,98.8293152152541,107.89606407753696,49
1,2,0.5205844942958024,78.19459112971967,103.83717364576455,97.65262807032524,102.71280021792982,97.68291153593769,97.67135123214871,48
1,3,0.8042422429595377,51.48538589793427,91.37541083743484,97.18856235379513,94.93584439832789,101.57123666297637,95.45987962239394,47
1,4,0.9560699842170359,67.11055768358082,92.93848149332354,100.33764102343962,92.87625906893271,97.27808637737408,100.55461294854933,46
1,5,1.1075448519014384,30.23144742123749,96.99680655040598,98.54153125103362,96.99146693885301,109.26139092254469,99.93251387631032,45
1,6,0.5343885211152184,74.55922412472692,94.71144535522049,104.11272456051594,93.89578175014489,101.04431797502377,90.20164938060113,44
1,7,1.0467102793432796,31.091267331531622,103.69233289997705,100.85684140594985,99.4217585880588,98.49448152205356,92.60739004816287,43
1,8,1.3287375091519293,41.40519960161536,96.40077895802645,101.71809144784231,91.18479922318633,101.62041984697397,98.07458859791842,42
1,9,0.5745506436797708,79.21321619603104,96.6153899984702,103.05838144420434,105.15499761247976,104.65640059558099,95.80391238388681,41
1,10,1.3631034258755936,57.39788760965347,98.45393812074393,97.60412881077355,99.07170511668092,94.46832512996986,94.01896687959665,40
1,11,1.229606178338064,58.253448281312785,99.63994939209833,105.01766448946012,101.80818012523817,96.77440122697438,101.80697802754207,39
1,12,1.270967179954561,49.62773578186344,107.69018283232984,86.90127447955128,104.10951252187611,100.43523534119086,98.50496324767066,38
1,13,0.8143559810763267,50.514241469882165,98.90164056081244,101.78556285755873,107.38947022370758,97.40864890863176,95.95753198553406,37
1,14,1.429697652342573,68.48722277386501,97.49121478207732,104.57701058851038,101.64375554829843,97.3511989811648,102.56633716556678,36
1,15,1.3925589984899778,52.36053451493904,96.48973453061323,98.36168926701116,98.0394592343392,92.68242525933941,101.48060138532288,35
1,16,0.5069521305311907,50.64483815465394,101.30527636089944,92.92314628974793,97.89677338617321,98.28642741736616,95.9886136538919,34
1,17,1.4429097039125192,39.39217592124531,109.43092950605265,100.8728890641592,101.28775195361382,99.62777042116916,90.4061439235048,33
1,18,0.7848404943774676,22.21321684127197,99.86743062275391,100.30115104970513,112.31621056242643,99.03819517609439,101.50773671166806,32
1,19,0.6448948720912231,49.36716561665378,105.7141140725751,103.75966516343387,103.95515973521523,95.4530627260263,107.0139715546805,31
1,20,1.1335297107608948,52.14648104448551,92.9907446860386,95.04731837434656,97.16851135198614,100.4982568254382,97.48262172941901,30
1,21,1.1775643618422824,20.995269735671368,92.24668284466934,100.34281487403014,94.68848143136948,102.36796215317591,95.40287882883098,29
1,22,1.4367299887367344,28.251256648759593,107.7496720250877,96.08373353831881,98.38969241897162,104.06758608684835,93.84567841783023,28
1,23,1.3172222002012157,53.31204869596774,91.96258382719387,100.92316929266153,101.29941397124212,103.90911435888655,93.81524644560959,27
1,24,1.2259556788702395,73.82661559715463,93.39771693457863,101.25246425172938,101.73224104748488,96.59987639210755,101.16126848580502,26
1,25,0.6616287140946138,73.91325131162475,101.46536236649341,96.42824290986816,109.32887255572378,102.36916460455893,94.04348251398676,25
1,26,1.2121792213475358,34.23494524980801,103.28276804316914,105.79297789503703,95.89658840824144,104.8168806462216,102.06390463468249,24
1,27,1.1576128923003433,54.098516200128294,98.77305941998564,96.23131917821256,95.55242785187238,95.92094857517282,99.61449145292949,23
1,28,1.3920465551771133,57.86831755983577,101.70575987408321,100.06500945938953,107.26767038578659,98.67671583381022,113.6008458329481,22
1,29,0.6952429877980445,63.34712691569032,94.64553750969444,102.41236207621593,98.88268607337075,103.57000247046047,102.36618812286773,21
1,30,1.4636199770892528,71.1805673280416,99.63585543671563,95.76603140965797,92.42576387657067,97.76742523966489,104.28199397161737,20
1,31,0.6694927466860925,53.40807574750101,100.86590462925591,101.92658689864419,95.58071281899433,100.76862552972764,100.29104359223,19
1,32,1.3773730719279556,64.44611706525227,94.28514851084688,105.41525621587638,105.26901026017451,93.11165316021454,95.31087480042439,18
1,33,1.3093611554785136,68.60680368075084,102.57523843153024,119.26365745327361,102.85445255346583,105.677828200903,104.770008817466,17
1,34,1.3900053418175662,40.27970941109215,103.256956256529,96.13587392731215,98.81590696629996,97.57318226085448,100.40937069693162,16
1,35,0.9655980181324602,52.5586780824546,103.43130095187257,91.93642064405174,97.64034067105283,105.44475298483682,100.32140009547732,15
1,36,1.2699935530986108,32.949261649810595,94.61127611035347,96.34816684141431,101.08229294790988,100.22785919951907,96.74199826197092,14
1,37,1.0406351216101064,58.24579408989239,89.87428706671196,100.93227157384713,96.69106767615806,104.26216667398111,96.0373963078365,13
1,38,0.5253507434154575,77.7589048806755,99.4263177926655,102.52493639490228,104.32877597085061,93.99851796472112,98.32749382079525,12
1,39,0.656437042671086,35.01457388987572,108.82727120140548,102.02490855480478,93.69558022832477,104.58930973527389,110.61078098506317,11
1,40,0.9196000624277899,34.86385937006945,105.16232630275573,106.33455574593312,96.4616526719061,102.21909714073114,103.87317026714669,10
1,41,0.9741738290873252,25.87004963906009,83.79366329965464,94.87806179332856,98.7371592430342,93.76108409017576,108.16205651965818,9
1,42,1.1350936508676437,22.718240586322672,92.84929311019684,107.20636644533057,92.82068924410281,105.8158187607748,100.05116530509794,8
1,43,1.1586936316189451,29.77606562488578,100.99529847786735,96.99891561420603,100.3490104249501,98.0734320156912,100.56758672625624,7
1,44,0.8881699262065219,58.59729310654119,103.31065337260523,110.66516687328134,90.23956100238749,99.24107452482208,102.94158603242288,6
1,45,1.4611905638239142,74.32103851736383,101.40495933867517,96.88650240089703,98.95938874821363,97.53499532670584,97.05317621527894,5
1,46,0.6181648276216563,61.804229921849036,104.24801048510513,104.49799937716625,101.53649760438304,104.06431059419481,103.14814420961807,4
1,47,0.7820345725713065,30.646372626783368,103.7364680256163,103.05185132716733,99.89549203017926,100.58663691654391,106.38832447894212,3
1,48,0.8408035402530178,75.84543953621389,97.04214305582084,98.9115939838639,105.49388425993595,104.12708174494014,104.06754818000319,2
1,49,0.6031238688359326,74.15317440077399,106.52739403577165,100.1050192081638,103.40976485647482,98.44866621703272,101.62083176244221,1
1,50,1.450607146937556,54.40627328739717,99.34928472816158,95.90889658383264,110.4619363784273,94.96991309250149,93.92905693606134,0
2,1,1.1725184560770385,65.1424717662608,103.12059908526078,103.1417275463214,99.93876613576543,95.51372814257084,100.37902279096863,49
2,2,0.941530501373377,73.26225096549798,96.61419144243945,95.87251401603744,98.39307079173503,102.06465727137812,97.18137723598012,48
2,3,1.118218063316261,26.067360567367416,101.22483285554361,97.46528412314436,97.64480847190839,101.16024968678818,92.75957829251338,47
2,4,1.3127995672575026,76.83491464303152,92.96268112811723,96.40777889373783,98.93276424144076,101.55453782799002,107.37678108474776,46
2,5,0.9242220092469763,74.38126310568416,99.90491896048655,94.98735317681096,99.90743432003805,98.5567068053993,101.61359280169044,45
2,6,1.2460448792654233,55.00212590582958,95.86384528223839,99.45619925771571,102.0085586104947,103.45071995855557,97.99389764057082,44
2,7,0.7235958385194526,77.79335236643668,101.12046240905208,100.06296200390898,100.48838049274416,96.13495108072267,100.12255087129472,43
2,8,1.1293986381352625,61.74492133907703,102.48999145622724,110.76591228755778,96.16326218555976,104.36160318360339,100.91671002869175,42
2,9,0.5454463803414579,36.85779137553382,110.94901466608836,95.95850857322424,95.80139078909612,97.0030367727799,89.38052137845096,41
2,10,1.083656111850872,24.66407821789909,97.3712248915962,101.70877987888579,109.38085419607943,104.75211919093024,97.11548172168798,40
2,11,1.1847311725538794,29.757016360693477,93.3988339648968,109.15729382927177,105.89720060360644,97.65412173947648,91.43432735454562,39
2,12,1.4699143978146032,70.52713538814251,106.76936187082707,99.42730077373692,106.1890815598673,92.02786170602816,97.00312488523113,38
2,13,0.5563754966509271,71.8833425753032,100.02621849859092,100.2349029688237,97.74967264260378,103.11424966173749,94.66189785308703,37
2,14,1.4540510272587224,56.3704780670528,99.28810257489353,103.55807439044445,94.37678954081065,92.32942914632189,106.38838410949255,36
2,15,0.613557592199629,60.29439173556798,107.75575987761262,100.57837317146429,105.89648592031914,100.33759240705055,110.30373962440993,35
2,16,1.3766536026583451,44.208971972743825,108.77670421221602,103.22687974792574,106.84315778766174,95.17538269709948,103.43025729999219,34
2,17,0.6363714755867698,20.872679940072917,105.29212243424794,91.20630256788442,94.08370743667112,89.8038391111995,98.65296582777721,33
2,18,1.013989489159811,67.01918076446859,103.58771127897981,108.14307772785646,93.09949270892554,91.48308780322422,99.72226150551691,32
2,19,0.9591357562382613,78.80195451712862,89.66278949980062,99.55439980243605,93.47765249747573,103.3483627441502,101.83299123048424,31
2,20,0.6818800843991448,40.740036999431794,95.30060106836322,99.68660451363414,104.77571160250619,95.07136976832228,102.52023257758923,30
2,21,0.6922890188086708,22.45211697598873,97.3487119081378,96.03563583868828,99.46484820022721,94.82378838790314,97.23175347326409,29
2,22,1.003417270854857,61.42368971776192,94.01061053705575,96.50137246003708,101.0698995536711,99.43835975154585,98.89515200233389,28
2,23,1.3062012797930613,64.89558142301951,97.34749426194736,97.1209087967766,98.62474151424178,88.49039417632207,92.42404468900725,27
2,24,0.9625347161331479,64.8482562880254,106.83437133722262,102.88278481527882,101.55625077271768,115.3944040422762,105.59787455717289,26
2,25,0.607172011339776,46.84474200940728,91.96776839871214,101.01731817933612,96.21824627357849,92.88873145201163,96.76713557878736,25
2,26,0.6197621318192512,73.4316368443937,94.59225998192802,108.43570817536282,104.40819878474726,99.96013679341691,107.39972069445012,24
2,27,0.5869202880874237,52.22639250911287,107.61562038634828,102.69455021842329,94.81376922836772,99.04830660958196,95.62190873307621,23
2,28,1.1459172413316012,54.246698280134716,93.08600134517832,93.00716213090429,102.81484618345286,96.74678715439086,97.56437308117651,22
2,29,0.6865670240513058,37.10571012163082,100.24260813972414,95.84524941794481,101.3522841288992,99.74880945275432,98.80525976566796,21
2,30,1.4694704332753687,71.93042755363882,95.462181689792,97.11614334715834,103.77695612912878,102.5045859381219,95.11222377600724,20
2,31,1.429375989127586,53.405773580835785,91.65297359439315,102.71680096189968,96.68688120527077,102.8529933429658,96.18370421728741,19
2,32,1.007610378684455,34.544583944904815,90.9755894966774,101.2986125086074,95.47841687447796,103.19296229388686,91.6923996886552,18
2,33,0.6543627152742023,48.86840611128905,96.7408194609892,100.23699335658208,95.69793317358024,98.07722227885087,105.0314640460722,17
2,34,0.7546406547637639,60.89016333343576,97.11554065238425,102.64902088957642,107.2078431032895,87.64177749936356,96.01552372264761,16
2,35,0.8488682665429953,75.77174865486955,101.85572936685655,96.9800740664209,100.4329489373645,99.2216138230396,105.83891030829903,15
2,36,0.6397723766262895,67.71603871159341,101.27210421650607,97.56196887963753,97.8372090609019,101.97226071189148,97.89507759589868,14
2,37,1.1651972206962,51.38392548614716,104.35562351715846,98.3698823391608,106.00606961081972,97.95962313489224,89.80937732411073,13
2,38,0.9626797856696064,38.08267244984852,94.95956844541298,100.09209189594776,108.38218656137641,101.63463686882082,98.90449735595568,12
2,39,0.8838912213732114,52.613171666839314,101.17807279054283,103.85432596943484,92.60706877110078,105.71877021603464,101.69248203747208,11
2,40,1.1200727559285135,52.007665518579294,97.923560430496,100.90933127529247,101.24110293150169,97.70319550229878,95.75077815267605,10
2,41,0.7484891398144657,64.63677755436062,100.35783118609696,97.61171276617442,102.39489912873196,101.66831052643474,105.18769972128949,9
2,42,0.6106317369552072,70.7871375040711,97.44991800572626,98.65062532353315,95.10618142108846,97.77853369961944,101.88650246522425,8
2,43,0.7292513952326415,63.335154103583974,104.3480296005283,106.77818929402476,102.0671745161185,109.38397906279033,96.13105400448214,7
2,44,0.6815977168014257,74.5070336800177,93.77672648344291,91.10639875547861,107.48022155744592,103.27182828177028,99.72207664544773,6
2,45,0.6533514031160802,55.17378992100783,112.22875989808414,100.64610590987614,100.54697397302446,103.62883311949346,102.40504615868356,5
2,46,1.2072386343133985,29.15234257485568,101.11942012139566,109.41012248237517,106.7271002307749,107.96593313319698,97.44392161784407,4
2,47,1.4343670147690148,75.53411077440657,95.0519758987071,99.37106539950176,100.27862456144348,105.47095759235474,91.5376768514259,3
2,48,0.5547616388220313,40.11183449875406,107.64775159730307,94.93947812369916,91.72571664067115,104.11585291980957,100.36658983594202,2
2,49,0.8463459943659613,40.81719211377366,98.32107650354936,108.34510762644696,98.70204324318198,92.48428523440947,98.77128467957027,1
2,50,0.9983677727394797,45.13552697027288,98.63638215126164,98.84532734895662,103.48103182406709,109.24478047472672,105.63282514773879,0
3,1,0.5130944565883336,59.812242321002635,98.65555654722584,94.46737045629165,112.8667990162493,100.29609217007244,100.06964645956474,49
3,2,0.7099055930955858,73.88325736644282,99.87937456444999,97.13168996559882,97.26570529379804,99.83623364892001,97.28287614433117,48
3,3,1.0648411332626164,23.94251836570114,98.72511391289572,107.51996494291345,86.74515095803494,105.45753425961232,106.23042596248814,47
3,4,0.6552402459307125,30.91568782971627,89.63304883795925,92.9624415264109,96.11091656204562,94.44712077267086,108.76135221711812,46
3,5,0.5253863556603449,29.36915584197142,104.6783919657373,106.3577754749708,103.60836032021618,94.35474114391386,97.37739866860113,45
3,6,1.1527461078518746,34.29096686280359,102.4468728061396,98.79837300920933,98.12589596225202,103.55479984101746,102.2213165574302,44
3,7,1.3302198645669916,43.83101177710729,94.59468336200051,103.07967803472133,102.96550628984193,98.45226780343005,101.63066511121059,43
3,8,0.921424550592498,73.56030266461849,93.74443211807349,97.38638489740481,105.24504612918444,96.4782815472862,92.9576935181822,42
3,9,1.0902949425148076,36.08381844937257,93.59785323751859,108.77397090992183,89.59035296058138,108.48228184145019,101.05508733601309,41
3,10,1.2636057941597607,28.406790545987153,99.51643444064804,99.81182648787576,105.5165094100826,100.5711382433102,100.75150880730939,40
3,11,0.9252135044692334,21.348158499207045,101.5390088444603,91.44915803671687,93.25907288947144,103.71632047011357,100.85432719063971,39
3,12,1.4844021807035521,51.54141093816115,99.0800833182366,97.30120159845319,96.10847637298843,100.9792262754884,95.10813611192484,38
3,13,0.774055220687206,53.2506801509476,105.14577818662822,102.36298741206521,101.28014867156938,104.91345491972757,108.32737222231289,37
3,14,0.6753712786234496,74.8647167554976,105.07185032509065,90.79562884334177,93.6021151663215,96.8759071115216,100.13045525105417,36
3,15,0.6662833687560794,64.28201698558223,100.9338338223854,96.22308533823339,96.94241098504025,92.96669451575889,95.38383376944547,35
3,16,1.2190459051842455,37.8273029373905,93.24157697191833,95.25300555584029,113.16191032418695,102.46658950440445,100.92418061847437,34
3,17,1.2325720972102503,32.896422715445404,97.12181086881112,100.6100490732268,112.80042269134397,99.51970050137675,105.74636663142837,33
3,18,0.6065982531337718,24.508266904148527,96.48411787437057,99.82505754751519,108.85400317817755,96.86516471106117,109.06224278998465,32
3,19,0.7464020332391068,69.14613906045199,103.1620386952776,104.86277224813365,103.10904981108598,92.14887640054772,96.36431412087566,31
3,20,1.4173135754622428,28.209117855137684,98.76240682224248,99.62783285449977,103.10336048775339,100.88850500466627,93.32327820644949,30
3,21,1.3729458358764082,63.93349318457367,102.7989522396552,105.4039036277731,104.16961077274452,102.29590039614219,99.64917144270676,29
3,22,0.7212094418196022,79.26008047979883,91.69519533242004,102.14809109566293,101.03843843581555,101.35789418597686,93.61625712089845,28
3,23,1.4154882975880418,22.03675871514793,94.59471729795868,105.26576426666452,99.80222423071673,103.40750348686312,100.1415918806523,27
3,24,0.8191004732432556,69.73492844904064,100.14878069747873,100.48060388470492,97.6886235564748,97.82751886283842,98.4541393826568,26
3,25,0.5769532016292092,61.777326552688386,106.2787806278676,95.52696348890248,99.0656417791932,97.80134470862913,107.23488942176867,25
3,26,0.8187525029320699,57.55348258622055,100.98277388255788,101.33525132934629,104.44815397811719,100.41141994637712,105.32740187532676,24
3,27,1.439067698512896,67.92699414641993,97.41355774949814,107.0467372009279,111.49449061809625,98.18580719780171,97.77248739299614,23
3,28,0.9213570022770702,64.25493809533349,107.2669223855885,97.89906591452072,98.59107695569746,93.27774744482862,95.40674026757901,22
3,29,0.7963081204559901,34.0164650629946,99.8265755630661,101.1710736626826,107.75250246407039,95.00822979630604,104.92161199238292,21
3,30,1.4447320222914102,48.044090674992184,98.93005577887246,94.3863898921885,101.91204873092025,100.83226104106528,102.46225632004075,20
3,31,1.1077367948788592,50.76131066099052,96.81130007874341,97.34501522499092,96.88429736787617,97.22261440419872,96.81306436346742,19
3,32,0.5578426765633964,78.14615780844868,105.94508265553776,107.10252123994927,97.14626853125262,95.83822213447885,102.35707778193202,18
3,33,1.3158331249906179,33.46643431019964,101.01461510425649,92.42127942501384,107.73752600665031,108.9793883654776,96.93605654757806,17
3,34,1.3887480798689773,77.3390898937852,98.06149220032007,101.42932695362452,101.67228394993512,103.29272136336415,110.05102269383175,16
3,35,0.5869867599114101,44.50719278424192,93.10340385992737,96.3453498002904,99.83436513563102,108.97278931758893,97.41194350481915,15
3,36,1.3512069140487686,49.70879162083846,101.11893975819449,112.63466212936811,97.3456561353984,97.5528027874089,105.22080438534536,14
3,37,1.1780161525590636,53.94391783974746,102.91964092662982,98.2035395460647,102.95327415346155,105.54351790291454,104.10241090598682,13
3,38,1.1974714616692836,60.80844630561803,102.53637015553649,106.91079495518764,103.24354943794822,99.16440959841573,100.73356843216662,12
3,39,0.8351188542591419,64.61049537749646,101.8433665443645,98.0333059383632,100.14372411467409,106.39225931303649,100.95549534009952,11
3,40,1.1318135270166683,35.588214863849586,100.23218274078074,103.22742090570537,110.8162736165273,98.461108825235,101.0957516383197,10
3,41,1.2610279025020281,52.47599472056662,99.52352233806523,101.39510762885169,103.0394825485827,100.9330456157818,97.76783192724736,9
3,42,0.8009635669468163,62.4903253187169,100.97044996449154,100.66484837073438,96.49939592530413,105.97523314462421,92.38406547608113,8
3,43,0.5457420338125129,72.29220836914257,97.20539076364206,101.8860593753226,107.8276201461717,99.67124869463507,97.22400236653401,7
3,44,0.7736266662816659,79.82747000946267,109.40578534720295,92.75993049791877,89.00597021689958,102.20007225026666,97.48972887823695,6
3,45,1.1936822257814885,33.24617676732562,101.219003568856,97.17960684631636,93.59847800664552,104.36228664140073,103.2510058897933,5
3,46,0.9197273169261223,58.31155685984513,99.50412068110309,92.37237414537631,96.54045965059377,99.77206991822251,101.21669724661346,4
3,47,1.3940992036791344,33.79727635346517,93.74230287904778,107.2188230203663,99.58924410803715,105.58647915794064,101.71362673188852,3
3,48,1.270921844644052,70.68699368701326,102.28376609576893,103.21361379933772,106.64576265066216,100.98260584850735,103.54501878794257,2
3,49,1.2965372909761763,48.891341090753,96.61803848970365,109.00470216455408,99.79921024677829,92.84612448940976,100.64052207455394,1
3,50,0.7689934044350977,67.85354603823129,96.59474171262559,97.7690828339261,90.55229634527234,97.73846840375461,87.88060336685521,0
4,1,1.1000205481193037,37.499754722558194,103.92900079325416,102.12728780892482,95.16511928435393,99.7614432192901,99.98198730454716,49
4,2,1.118155734318119,62.147898232646234,94.20817655403728,98.89517913085169,100.13442919497265,101.04191403973776,89.79132565787855,48
4,3,0.5878664991448334,41.037615872550845,94.99189995052542,98.59449853557022,108.98843263424762,103.20421430633505,97.14410505108602,47
4,4,0.6674825822590698,26.274070420064014,102.86291390678079,106.99677718293,104.62316841456385,100.29815184960087,96.76531611147213,46
4,5,1.2090605194509165,72.25814742476513,104.47596610013866,103.17585900840984,105.24776357659667,97.32382394219717,106.58697032817163,45
4,6,0.9523182845183001,58.6146617117915,100.987998023462,108.67981901582624,100.98955391731324,96.74290998192775,97.58057082972839,44
4,7,1.3717835665922018,33.15283924148266,102.6141774401775,97.13149998030711,99.87822703869509,110.71135179305932,108.63771585050355,43
4,8,0.7284547413312987,79.78003496340452,102.18161834837016,100.190017390841,100.60015663359131,103.06758986365209,94.88603717400797,42
4,9,0.5721984089791758,21.839150132348365,98.71311731288327,91.65707963061206,101.99611561302639,103.2359796985137,97.58406768850313,41
4,10,0.8459349925469629,42.262325779076164,107.86993381645016,101.12225909279987,105.23549151306077,108.41963845728934,97.7055786856553,40
4,11,0.9866689414247029,72.40539428489964,99.1368635002959,104.41829968743336,103.2616143920671,92.11803921507875,107.38270174862947,39
4,12,1.233113022415281,27.894061107635586,106.90045677073726,102.4701509314137,101.30336882911953,97.2484742307729,96.64188316030975,38
4,13,1.4713950940416396,30.858617162569388,99.87222964504278,105.86364509629682,102.71800077297216,98.14692833956947,103.85849355324173,37
4,14,0.8592333693997657,55.57705108609564,85.75728689684962,98.18779529298433,94.40165052686928,93.52659262139547,105.8041339368926,36
4,15,1.2734731256866008,27.85241964310099,99.76539710560408,102.3852041361156,100.38410945530127,93.58503887905715,104.9813340972357,35
4,16,0.9308875236618059,34.92285635525779,97.53121708419344,107.50379895317155,104.25110871056746,98.2567393279607,98.25371147840785,34
4,17,0.536671426933543,64.18412090393844,98.39182474391309,110.3837399178042,101.90967726115777,102.15020823595535,105.15141727015921,33
4,18,0.7058412100367683,26.71517716386367,101.19394579513256,99.64199370292968,99.81388881745079,103.6381477181849,100.2597294290365,32
4,19,0.5393435406685096,27.326594840601608,103.66320038607789,99.59641709945708,100.39317595158045,90.00899657733946,104.5816383735124,31
4,20,0.9547398556338591,50.93576171475502,101.73244237948997,110.44187352390364,99.30205185922414,105.54091408368758,94.80047036437234,30
4,21,0.7018534521229484,60.40594599949504,96.88115519652098,109.57015676933393,99.04658799618326,101.08716436589862,104.35033865344377,29
4,22,1.4446142194740232,60.99488169737875,102.47840943986303,112.01707792619138,99.71190601483207,101.00549523357483,105.25327198003806,28
4,23,0.5303870596968369,75.85692173041866,105.52762966478991,105.9351515278019,103.19365111014592,94.28497543634758,108.16715766150548,27
4,24,0.6065930303079907,59.47071827618216,94.26827303490656,99.67930826703504,101.6438120515174,101.60678607725137,102.10960377117642,26
4,25,1.0670162609866678,64.30695255507959,98.77921682354676,104.82043584144179,105.9473524446232,93.86196092431504,102.98700034924929,25
4,26,1.2978136488586345,46.13499888877598,103.5058637115545,99.24972206483737,100.6278822673577,99.13464087858065,100.07789523790734,24
4,27,0.8245858299002703,41.98769209228387,107.97252531612486,95.76519325840836,95.04303825271846,89.23304943198143,96.8051912615525,23
4,28,0.7272696272631515,24.39175542610662,93.3845510329625,108.21007580068185,105.04908544671318,96.55924827411138,111.26217902672154,22
4,29,0.8797857801792298,71.80001897430952,87.50297142563214,111.45471286295371,93.05213766618202,91.77300626521554,105.1128521600482,21
4,30,1.1079050927934446,65.8929956925277,112.19876203169636,102.97377170832642,104.26707779390154,103.79464294893383,101.40595711984687,20
4,31,0.7434822965762993,75.6220726877784,96.23017705566662,98.59662461566613,91.53521592902307,99.50830186602624,95.05704446424541,19
4,32,1.3030258978326634,52.34967660051527,94.48205341392115,104.59158303001156,92.14749698188412,95.05185931714831,104.70385593994108,18
4,33,0.9135491015253515,27.313165600216855,102.75026049512276,95.15827772568183,100.5268775307298,93.32987252540897,96.99316178024394,17
4,34,1.0673122196289035,35.393767022081825,101.59890967071269,99.9018110053666,102.76244977208574,101.11957067032331,106.82070214986922,16
4,35,0.5434125328548192,57.989082535641344,100.61148751516141,102.71649014518194,100.24430035162852,100.20295845601942,96.49004156096622,15
4,36,1.1109809888509918,44.66170818840229,96.68549541224526,93.78068382304357,96.53547401102047,96.40796367215401,104.47462188472221,14
4,37,1.3226143185136783,45.42429521892577,96.63254687878066,101.39497081111901,95.82326473370121,110.72574563886694,94.06200790485244,13
4,38,1.236873744944182,71.7678246525937,101.54910355113513,99.07356170561145,99.35089650133287,100.21905735989554,99.26498999185756,12
4,39,1.1070940360887809,52.8018447628442,97.21254107496082,93.15098510210461,99.55858975824373,112.8985466882716,95.98162716015135,11
4,40,0.9281996149256148,63.05586593949057,108.19558402722033,102.84491539592638,108.14198311564269,98.10436129506256,98.98209819948819,10
4,41,0.5856582495964305,73.6514524798471,97.09159543025677,94.92621634653567,96.75361227466996,93.88029866618872,100.17041734129613,9
4,42,0.5676125635922149,68.0213904693417,96.15013384470679,101.16892955895374,92.22052176898187,101.65440116107229,104.16764480804463,8
4,43,1.0329577865513353,39.460025186922536,106.13834496236646,93.95179490654397,108.36286193418852,102.09509504683022,96.47494072120796,7
4,44,1.0622968158779098,77.45751707032281,99.72115461171147,102.69377996223184,95.39663203460317,100.8468041201804,92.9314275154751,6
4,45,0.5966764496467196,47.02225617549111,96.32235028705117,106.18046587605218,105.45655060297135,103.04569060453588,94.5384361766371,5
4,46,1.4924835021583753,75.62005807545772,98.41795775152599,106.06548849989592,100.70858456819953,111.59664769990847,101.96658919697185,4
4,47,0.5891244321160166,65.31622522980848,100.66770452391141,99.23765081809728,103.54054338344295,104.78351158397292,96.07005269746026,3
4,48,0.5876427467638385,76.21746938186376,93.3438352322111,90.81897313448351,102.53995663456271,94.48316696913064,89.23554703523759,2
4,49,1.1005943333606174,50.94076566178987,99.96964544230053,104.19245387225821,100.40914679273783,99.50555173404429,104.59538241493884,1
4,50,1.3680566901074505,68.35552400705727,98.54862727905675,96.65954773178476,104.96021174768262,99.12520121652295,96.22127420253578,0
5,1,0.6735245149865087,61.6970653341477,100.14090578684564,99.95440501677898,105.42947782915789,102.37349116439977,99.87486520627428,49
5,2,1.1062529377509773,65.88858805417973,104.08883149600143,100.0517630992169,93.4408188382492,94.67443168462313,98.47387647822666,48
5,3,0.8675344222915314,24.090338563129613,100.28324962448553,102.64846377178365,99.64750610970454,102.43250821913101,100.3223720740506,47
5,4,0.9395116886329101,26.339881055704634,90.12266716823065,93.95152628579446,102.99964364998102,107.65375416171848,106.09380925848659,46
5,5,0.6520248531286481,23.68097762664009,98.93278564534896,107.45363068424976,100.74333728601056,98.3145701444098,96.93298668229531,45
5,6,1.192161341694132,23.737507887803762,98.48765156755935,100.80286990524932,100.01523010076707,102.18469084873175,105.9532313739317,44
5,7,0.8062536207866117,57.43375017749831,87.23039432549022,104.67159955619637,93.16560650792289,98.87617299053659,94.1494348697032,43
5,8,1.3275378955668744,64.01686283368412,90.9900978120999,97.11744799636641,87.04478853927546,97.26877775873758,101.95902002701273,42
5,9,1.0353101314525917,32.91211232103425,99.92345075413502,102.89645749800545,100.59790184207077,95.13465529559222,105.98285750832245,41
5,10,0.5980825807842446,49.29446822130669,99.20735213486515,97.78358874404245,95.5759864298655,99.13526970038288,108.55854240071172,40
5,11,0.8758882851457693,43.66857671420212,107.35585163746805,98.95338161424067,96.65463630670041,105.19952343698039,96.97192230131569,39
5,12,0.7546706220460512,70.45229476555537,109.13004856773468,110.78654106632752,96.9714253849833,103.71047686004654,101.49646290203246,38
5,13,1.1366696821672073,56.836015085603705,100.16002074532884,96.23291064826908,102.29986071469558,96.61142315123946,110.06693623763312,37
5,14,0.5416729006023843,25.087520962748194,100.68267665541369,98.17339224343945,100.92340152932454,93.26436855235151,95.14192980744674,36
5,15,0.8497032297458496,66.47921187087091,94.7654450865903,102.68326376263643,105.92852077331499,103.59476655332533,104.98023842902909,35
5,16,1.1246635688542637,42.91637837917375,96.21602455715269,98.38660080578933,98.74583491772476,106.6409707092453,102.7811500470033,34
5,17,1.1439042535411308,51.8181279949495,96.78240884809928,104.63920064040619,100.28506562448543,101.34296139431629,107.64234213206265,33
5,18,1.3117697880901376,59.38871643989016,102.53917878144811,98.17523635228558,95.80395166330497,94.77595402989483,90.16821705311999,32
5,19,0.9394049896944522,56.77637494967153,98.89373188207114,98.6159335005554,101.5370334890455,104.07868606269648,104.30236744179872,31
5,20,1.361369996363436,70.79086032141669,97.08461280715531,99.16439143106794,101.4128997524415,98.75654436908226,108.03672788009996,30
5,21,1.3419985528900615,63.70944062969679,103.31440634333707,105.86736928742663,100.90510779351854,93.51584026022077,101.99843975876321,29
5,22,1.317785329856945,32.81068197864032,96.74321553104086,106.19141535716818,100.1063578836803,101.54416506299482,108.5110747231762,28
5,23,1.0903476904587728,50.5016328149768,102.82754822815772,91.19618620422091,103.76670810552267,101.90579192441389,106.44876377041373,27
5,24,0.660071634954573,47.693448465187394,103.36590675634979,98.95488371356987,95.7473977289535,97.09738275097638,102.94289202210305,26
5,25,1.0550849493022862,63.98427776178049,94.02058468982408,102.22301334110071,105.98315743322826,96.95108547840309,99.3299141666354,25
5,26,1.2609907600280938,22.118681296414344,100.07344097364599,96.0755084345888,103.2414021692193,99.3952592569611,102.09766221953514,24
5,27,0.8269316163380791,28.93328301994668,103.61190678913886,98.13583423954117,108.63481925616702,98.00181907192699,101.12342362875943,23
5,28,0.8915256981778293,44.75731045091742,104.66295415936546,92.37171842714953,106.31292051713591,97.24070927053776,112.79099642834126,22
5,29,1.1423255259052274,23.891215668978102,107.71054976283938,110.03046444079561,110.30751788318199,106.04183115296571,105.12031262905731,21
5,30,0.7698207201282143,69.50296461080373,102.96263474600592,95.90900558288847,99.98312771294523,99.14907688737536,97.73385975336362,20
5,31,1.2848969771114676,62.460856084454946,100.44203443145923,107.3876504052763,94.29155442933248,99.03170270360141,96.41588839698598,19
5,32,0.5886004296796172,33.236717162672676,90.6673169146347,107.56724871621066,103.15405842277389,94.87906587835397,109.27046283167094,18
5,33,1.1361773647082327,67.13909708481393,98.86757950575084,95.2028038163826,98.13896611964473,105.44374309852093,109.42293152967305,17
5,34,0.6844762531336394,41.734126499137304,107.71621764136094,100.70443123455603,91.15780317218574,101.61583857092391,99.26198706850666,16
5,35,0.7592967588657737,45.779408764336104,102.56800053284859,97.33649580169045,94.15041582144856,85.63868893359175,99.86242547474681,15
5,36,0.9368507026151796,63.7704937191438,108.86125798334872,96.9889396981911,102.34387128037511,95.00807280405854,101.50895949909733,14
5,37,1.2513750860290456,59.41730937602837,99.49922961760024,98.98163124911517,95.61008706621719,95.8655982298007,98.86760554049236,13
5,38,0.771949726128631,65.56389574507782,101.8368275340809,107.46344284479761,98.64438199478715,99.89316352825782,96.26394160426088,12
5,39,0.5336136001832826,23.75919220732127,87.8787986986353,104.42022698180524,103.68421948546217,98.59336221440893,100.33495358612436,11
5,40,1.4368224620330918,23.135472757161427,102.57969608852049,92.18727071556728,97.35473661326853,103.97132339810913,93.72855288415376,10
5,41,0.6980976327597401,53.919815274296596,102.33214991216764,99.82179258851258,91.92434092047245,105.82369677228586,96.32704211600975,9
5,42,1.3506160578411377,53.6733672969515,95.9487378149281,94.92089090510801,100.30839924923986,102.14408250165286,103.46552803631572,8
5,43,0.5676683619000016,62.47010583378612,95.8620488967564,100.43071941523188,94.63930494007197,85.39324758252697,102.18279902078834,7
5,44,0.9622955610006072,44.70593249507051,104.51967420543097,103.09577130502599,110.2874773485585,100.10396853837705,96.35998529385432,6
5,45,1.3064036172328395,47.55439265581748,96.77017910437732,96.00403996674873,97.58628238908983,95.23335695870644,100.61335157997398,5
5,46,0.7048812741507126,72.66980468912246,108.1233922923478,98.54094365542228,92.18404595651671,104.4155488857358,99.610814014936,4
5,47,1.0387017979527142,49.868750482057415,101.49376454182843,96.24104474952408,97.86821201897229,105.74222854598378,100.56635205268883,3
5,48,0.7871379580845755,67.57126514203037,92.80861010841316,109.36648888108773,105.40024032857325,97.76339052170624,106.40508180867556,2
5,49,1.4150900684070433,51.9817320347684,102.42366408647237,95.76821672504563,96.7822508384127,105.1498040879058,98.3261233394673,1
5,50,0.6842248392380261,73.63938260047223,97.98175768379002,95.22438710325324,102.11799532796731,110.31262459621573,94.66233542872864,0
6,1,0.5834640849893833,72.94498210444033,100.1210972833638,107.06110277707714,99.60179304377142,102.26185898124866,94.6880323592656,49
6,2,1.381927758304644,45.649381275236905,102.14153548603824,105.93693025782376,112.94781821009308,102.89816586606788,101.62898158291084,48
6,3,0.5794065846430295,63.88978942042174,101.69241921730845,98.52299294930485,100.84230488134807,106.5879876780398,94.96728717360179,47
6,4,0.9711678989328146,69.2982138626283,105.69939280564523,89.39072550495703,96.96089006452783,106.48497273280555,99.88565968850558,46
6,5,0.8352080473708727,30.425695588144627,104.20310013252276,102.73366784100689,98.80533950415153,98.16587794092656,98.0412092547809,45
6,6,0.9503509789054126,64.92958021779839,95.38794907750749,106.08579260412748,107.60658025961226,104.9915544907398,97.84189843640976,44
6,7,0.9712871673981646,78.74629628090926,95.48149069634935,101.62179640860802,94.10480104420098,105.93839694230782,97.67691351350804,43
6,8,0.6748814371759594,71.34423553434718,101.0057982793642,102.93346900737637,97.62548171688738,104.35648648728622,93.27010159876626,42
6,9,1.194150573509831,50.759285188703174,94.99834337697213,96.61127514737575,102.56953924829457,100.89790890969799,101.7531504963678,41
6,10,1.2884473432532988,59.89909420855972,102.44593565073832,102.04909328464257,98.79371172690729,103.36286850601365,109.49940967447608,40
6,11,0.6109894692134811,46.82333262838553,105.53540334643486,99.39809418023201,89.13665226992981,104.23710838575211,97.32335907023038,39
6,12,1.2399041207669304,75.08459313194903,99.54733358847919,103.5472590856952,97.82256814715079,102.56552899088041,98.70226661208041,38
6,13,1.253961903596784,68.29440661048632,95.32280648977702,105.42991058087516,97.32018277442975,104.04028899140573,101.8364365670067,37
6,14,0.5965344701954408,34.51362969553034,109.19091838397561,99.90290197056133,98.48410108582863,103.99970950971024,91.91844695781705,36
6,15,0.7972378077086172,37.99514669041908,104.75153795986787,108.55306686290963,99.47775390731265,99.15589138404995,100.3502608155659,35
6,16,0.5636409092866423,69.88241086314258,105.80939151304095,95.36323432904713,101.19184491367392,104.87598814891214,102.50547084969922,34
6,17,1.3789789002822674,54.30634112289933,86.48383853500381,103.38937659765453,96.72962158436287,90.84683551571771,102.5560129976249,33
6,18,1.392523289954846,46.602800862751266,106.86829272581478,108.06139128994323,106.57457226792023,108.19982264685697,103.71063745535946,32
6,19,0.7374334683748063,50.741826652747434,98.76968755935026,95.78376702341905,110.85471358748907,99.12057093783832,100.61602403392243,31
6,20,1.2435939161765597,50.37596356971217,102.75742688020233,96.88675319132774,100.97303727618622,96.28764707150975,93.39988744389647,30
6,21,0.9724933550065136,22.738924730143026,97.8534888774137,96.53789510063072,92.96841268164083,99.58447213685653,92.476398129845,29
6,22,0.7069925784384268,50.99435770675875,103.80027981844802,98.45395461475069,96.23921797204709,101.5958725520959,106.70225223011572,28
6,23,1.0126677259564163,37.6093293924873,99.1993360221668,103.35670038225233,101.06598314118844,96.2401533413059,98.4047303216669,27
6,24,1.0074119387178089,72.45335148111054,96.01987071598255,109.50595342876504,99.6966959309269,96.45796616544769,92.43142803693587,26
6,25,0.9218281785388314,44.66126451593274,101.33563325505742,102.54362511614967,92.09404648983933,104.47519157038057,97.58469474158281,25
6,26,0.7576072203337219,23.571482020866302,100.73396505992774,108.06110314127713,104.48419657932766,98.65734676047084,95.54403887292357,24
6,27,0.956236508955542,42.14318130565499,98.94434880586152,95.06410236424408,99.34371516453848,100.38425941479385,98.8757200909596,23
6,28,1.441725711618925,60.11435880337484,96.7499870958827,94.54800461278577,107.05466189873135,99.50705933857869,100.09424811472424,22
6,29,1.1360960464095422,74.7972168545742,104.76568316956623,101.43562082600913,96.9378131267978,101.8075176260305,94.28136896339669,21
6,30,0.5117066107309041,45.32205560765834,100.54279852888261,99.35731244280535,90.5907547725118,97.25637546129519,100.46422450570557,20
6,31,0.6230032951237456,53.51854378702552,106.3285392043235,95.66912575892749,104.84728600263368,102.13597180935842,96.76886345078098,19
6,32,1.1729666223944324,36.52287045532511,108.87655446304755,105.0029115902149,96.64689895461677,106.96232650032164,98.74976742700524,18
6,33,1.3224223736682785,71.45374025967703,99.32845629264726,104.05404136579891,103.96744360276107,91.2573401338091,106.52170121439076,17
6,34,1.2055858626438245,61.30430110952821,91.68754005982163,94.54516784892401,97.94592856022707,94.47147665757032,98.92539484855632,16
6,35,1.3900970351838082,40.75264764427145,106.55154373059804,106.97841905394978,97.18915986710849,98.95389063127736,91.58280903889525,15
6,36,1.1771206397350094,56.346754967161424,95.97064966751906,93.82825564060039,97.03767870423553,99.86797121520536,101.40080579409803,14
6,37,1.188274235780237,28.433178054701646,97.63080326464542,99.9277386456086,102.73142124001849,100.03211134905469,97.81807054736716,13
6,38,0.5309557909193435,43.27920559681217,99.45195098037084,98.70601968666449,107.99323585252358,102.8045972397062,98.5225984098542,12
6,39,0.6161389602005256,77.35512973731915,103.48477202255368,98.33090255121995,105.86562318793321,101.84821096099047,99.46348927997886,11
6,40,0.8855119047369223,40.42322625527034,102.23858462905139,94.03037496800472,100.71471547381853,108.66257499742545,111.15650073096316,10
6,41,1.26190181260487,70.01899771625514,90.99471132923631,97.2866310013299,96.0610812404588,96.89576200874441,99.15928090707605,9
6,42,0.7702476921307833,77.98504315198444,97.63954711151436,90.10350094812107,103.73955128058768,94.63628487130097,101.19623432055575,8
6,43,0.9440437492022029,57.57405928526383,87.34856238626836,98.56997889059944,105.50479817499286,109.79173727110297,93.85225202773792,7
6,44,0.8951377432643186,22.36757197345396,102.48349611618261,113.22171673508518,92.48514835802423,101.26869830747287,102.33846585882716,6
6,45,1.0333866287653626,72.19814957886109,101.54025269752051,98.04175716289105,101.34563470622554,98.28403862251295,103.10785944928026,5
6,46,1.4440420938253977,28.927758164306937,98.15194831978182,101.88550196951093,99.85368593157511,105.63025125386085,99.74303138205757,4
6,47,1.0887315221313199,42.51979447517611,95.47133849568691,96.7311683067559,97.02169352978254,106.87219046585409,89.32162893010653,3
6,48,1.0772790292331313,71.93462873747313,115.68874266829997,99.72552999691857,101.42777037428829,102.60561214189669,103.22607792975029,2
6,49,1.0735289514555733,77.36282861671599,99.01330789846337,99.24363358173244,99.0254585982366,105.66885048433532,102.96778361140431,1
6,50,1.1265925110932102,75.58295640380521,85.2980568266786,99.90645621777051,98.05740773455557,105.62056359993007,104.73763231061429,0
7,1,1.192532431537108,28.066107764487313,95.14171632729357,93.10190917605534,96.86641387705018,104.31196736191379,104.76562522688043,49
7,2,0.7946193963461932,20.8589166600236,102.56542710048646,103.62547893423998,102.5808914355748,96.79259202388523,102.1596127233697,48
7,3,1.253427922256969,66.13536692645846,105.94456685737322,103.54151923600531,101.75724103770791,105.35075119158213,99.8673937037547,47
7,4,0.5776493346716051,44.45258186194585,95.5906267438614,96.62410862512809,99.2774066464224,96.0379003950002,98.46019235180479,46
7,5,1.3082352100092223,76.86128155786824,90.53192666523107,101.06646853686469,100.00602737681112,95.91455684465905,103.29622834216202,45
7,6,0.5502260114639738,24.37411012207421,104.6878506881328,91.96220067815513,96.18637610716893,96.1542882510635,95.30048449445567,44
7,7,1.3034827432968847,75.75368321791123,104.14737420965874,99.03086930613598,98.67742579344694,89.98068817796623,103.17709015104613,43
7,8,1.478981115174809,56.20958576260272,93.80370802573263,106.80329297919326,93.45589800440445,84.90243922089587,100.91924772376848,42
7,9,1.0858647884535193,57.487031767364144,101.04829707637313,97.54181907183977,104.03561298318655,95.13226900147765,102.38178884678109,41
7,10,1.0525009674078891,51.21019353864507,102.52735079583313,101.96207983589383,97.4551818714625,99.87212843904003,91.15462047555441,40
7,11,0.7842740929275167,28.029701779981586,97.37955801032703,100.76177436016862,95.887900338089,105.60515333662235,100.00103532459099,39
7,12,0.5468519085276031,36.57017346925397,99.95349839430693,98.36052641743541,100.7759534192949,104.12549132333817,95.6643489214455,38
7,13,0.8162701497293068,26.113543283960812,93.27064538263393,95.90371070139251,97.6188956322767,104.37194590356364,101.31280664500963,37
7,14,0.9338174195765295,74.59658863126353,100.96794955683772,101.95232424964445,99.48389123533752,101.32681174699815,97.08620671194208,36
7,15,0.9938140404569287,43.25892832733882,107.1137406804997,104.63107701120796,104.82698742295585,106.18065360903108,100.44328795480719,35
7,16,0.7980522086394432,26.321895335051387,100.98657853702798,103.0788557488557,106.01942218584408,99.302768621595,97.74905367574294,34
7,17,1.456799815484286,50.02406874261207,92.7807259193323,88.51909523431381,97.24731575254208,93.89643787042921,97.45929901176345,33
7,18,1.2675676285179183,44.99026591423274,99.26109840591265,101.63372382301161,101.50237179805414,103.111035720217,94.30583441109616,32
7,19,0.9722818041629817,72.8094042752891,103.35240308620607,94.64071383479923,92.23120616991967,104.08944829012515,101.88204763048758,31
7,20,1.2385974581323307,38.937640625800995,95.48974222821245,94.05294053566337,108.21336476627982,95.49689632676066,103.19195962804191,30
7,21,1.3902150026361744,37.244575787934785,97.27942998942903,99.18603546963853,100.2045958769786,94.98906272109264,103.70412172710063,29
7,22,0.5146933886549538,42.74564292031617,97.43393216764207,98.85700042329991,95.02825312695744,87.18833170602345,99.04486118699916,28
7,23,1.0309376784120938,55.70790049434089,99.90369810132803,98.68554585395866,100.11232946406024,102.73559557587605,94.09593592345577,27
7,24,1.2739913781527625,66.3752889125669,105.57160847334436,102.19237869404864,100.09808328846995,103.3643061798341,102.95907066870689,26
7,25,0.6202072291205762,35.93496997751636,100.50928147630994,107.74510075747594,93.80446462173049,92.6623736712378,100.82380420618259,25
7,26,1.3470608269838995,21.41569787873175,100.25443850928009,100.86670832185204,101.2197659895425,98.88398872682598,107.44931719301042,24
7,27,0.8980052929545028,38.174943729991554,99.48372619925476,91.78405594422917,99.12072797783965,108.3073508286401,100.10443244147982,23
7,28,1.462768350253206,24.536302437005048,101.15350452859342,93.6991761741371,96.91819295980261,98.12401809838032,98.41142451621883,22
7,29,1.1224136415659967,66.8793113448383,94.44271021531483,101.23252389216002,102.49110874248393,105.70074519260633,107.90270343284186,21
7,30,0.7599049792428328,40.71153250965263,94.92452904086066,98.82990070446509,102.33179187223168,104.9366725829455,99.62024488178739,20
7,31,1.2077213502675275,23.732193569882163,95.82428549184988,110.44769360847387,91.96169486440971,100.92370289447862,110.1180310961482,19
7,32,0.5762392179735645,36.482228902873516,100.03399922279999,99.09804159118796,106.86424237338265,88.94069044335247,107.66716850648163,18
7,33,0.5438999426430051,29.944986789209356,92.88021423774927,98.66673835382792,97.85377789850669,102.9427663488536,92.00937824058126,17
7,34,0.9369958856656209,55.61365612272716,102.31086333040972,100.94853083805198,96.69008911101696,102.12943603096518,100.09573888707877,16
7,35,1.2573102071344389,29.700286174217716,109.02174054893372,99.0454810413635,103.5987897107409,93.53363521064418,95.21781811590995,15
7,36,1.0650853124527564,66.29761465871647,102.36203138940189,98.43470984738423,99.99645702711678,93.74796133015141,103.02257663177683,14
7,37,0.8216699896595486,70.88252537608903,97.6497892612025,101.32939114826024,97.81640131979702,99.66933692687088,110.49860894583257,13
7,38,0.6185026235981516,37.333096334549936,98.76487149627002,103.72095985749968,99.09387913390948,96.75313480839287,106.60652016136505,12
7,39,0.89245818622948,65.25589840082137,90.66730024319692,105.0375684491846,96.57685087119998,103.95312799581384,90.14948091144082,11
7,40,1.1566310737078762,34.42393477361041,104.46298669149655,100.07136533918217,95.23030290301678,97.9648184353661,103.4315922847835,10
7,41,1.4504591705752956,54.897337579351614,109.88220292257742,92.17879194144474,108.08606287484312,100.52177968761606,95.50607975838436,9
7,42,1.3940943025332508,76.78739078902433,93.34843187130505,99.05439804611483,104.60825055962229,99.36225439811233,107.55577465123673,8
7,43,0.9975398521461022,32.28080654343704,93.73803277793441,101.81815941312485,104.4344369504865,97.89619103159474,86.97893071686433,7
7,44,1.3108785810079184,70.14955567463096,100.99474073398247,106.17891095911077,94.64473160175476,103.40108052725225,105.96253756238987,6
7,45,0.6515950748000994,72.55298501102342,91.10706207996742,101.59825912959488,97.47910084496164,99.59238663449177,101.73838241769168,5
7,46,0.5000116347553661,44.993949708937535,97.56385717943223,96.62145960419194,100.17076208744012,94.56377030568599,94.57087435557408,4
7,47,0.7304166621173499,20.088429325178684,103.39686641478252,94.25602982420672,103.33156250454606,102.31295646426976,91.37096635604702,3
7,48,0.8252951340230311,62.75727998591077,96.61217673832172,97.67797868845307,102.31030446625948,103.91695254641297,98.74230556977753,2
7,49,1.3066935196947393,79.09150416574855,97.01244902654179,107.11184930849254,108.6944983189879,104.89429025390898,100.42659071282512,1
7,50,1.2093208284726096,30.039278240063624,95.95867139179536,102.09199110444342,107.00799296473215,103.25225046268069,92.48459849120091,0
8,1,0.7965599122059307,62.86544984427453,98.08014364023825,101.25100103125847,109.97833744891982,115.5495927800268,103.03361529568092,49
8,2,1.3275063198732213,61.832562914578205,99.08401690639806,98.39666187221404,108.97605677956162,101.15035379595702,102.48871544545698,48
8,3,1.2289810616558166,71.70145422724072,104.19470250234806,96.91373406726538,97.20849123026984,94.49922883514152,102.19750615310113,47
8,4,1.22705676161539,53.724367664154265,103.89468251756057,99.97201990585476,103.34370827796256,94.54149561930343,98.064501487628,46
8,5,1.2862056522610579,64.06663592453549,98.53016526167909,99.64200374070967,92.41063126659596,98.21485399596695,104.45191581759893,45
8,6,1.0464303160778474,78.02211651536877,102.87602508053283,100.03531579314088,96.69839430263276,103.49414210101267,102.10486472194695,44
8,7,0.67925561190779,68.00020890582088,89.23328540064378,105.48576355876848,97.60581271995798,95.6861211797844,103.46739455956997,43
8,8,1.172702994208898,67.80088383148234,98.03993680040435,103.4178466160024,93.17022144399733,106.059719926932,101.30625265616928,42
8,9,1.4060870604812605,20.729406288643208,98.15361430376899,100.71694233671126,91.11882383550841,102.04326405740335,94.85314245908964,41
8,10,1.1212924490496101,40.042997940126156,93.23664857078232,96.85368303153605,107.6686385495825,97.32099268473851,91.46321021203526,40
8,11,1.1854438832219016,39.94736942892272,99.22050911031667,97.25856351754699,100.80009112926393,102.50891368083772,105.58699407951231,39
8,12,0.6989921389594368,45.10003184613681,107.24249614946463,97.93267419438362,101.30140253291444,95.18120536894695,95.21424542552478,38
8,13,0.932018927594506,78.8221244565311,100.16398497705794,96.20752332649965,98.84799642897116,95.37883427865847,104.45099205562393,37
8,14,0.9227286368939323,40.79145007716309,105.17624667361876,92.51735372454961,96.74988032796551,99.58281015104819,92.75177390150735,36
8,15,0.7685337560676073,37.247699893835005,101.03633664699473,100.34672168518125,96.39131223331373,100.884104360697,97.26659957706367,35
8,16,1.0990445871503816,57.41892669741597,98.64172444836973,93.50209381536202,104.14866208939587,104.05698277245796,94.2586835562369,34
8,17,1.2066298698787095,56.600445024769144,94.38727596877793,95.41248589492868,105.08830733421752,101.35747655412824,102.75738137619761,33
8,18,0.7026326341353432,55.25515226656411,101.70294608200248,105.23658853310724,105.84794996213887,98.85304627965986,99.78261525093069,32
8,19,1.0829260568042631,35.186092350776526,102.86028720857072,99.68904491500345,105.62176679935251,98.3296138451003,102.823029629468,31
8,20,1.4770069544389435,26.113586052376206,94.90167830653942,99.88223924562881,99.12822871048581,101.1265396102047,98.15236535583321,30
8,21,1.414548663848559,46.041258362525525,97.81617881380892,91.9671144963066,108.7479195210271,106.90727039345244,93.53868652447191,29
8,22,1.2140527233781269,25.483489179906584,103.44853902622597,101.47112064506747,98.82796099841839,96.08117167206802,96.5472947384187,28
8,23,0.7708063280369726,34.85358621679318,99.66410854975322,96.42120005444625,103.4102603285631,107.43623077667964,97.09973379314978,27
8,24,1.4514907101767873,70.30951003058149,101.19702250267689,102.49842555151467,102.36001135459637,100.37977633958043,103.71341209179862,26
8,25,0.7002820178676259,57.00701647115247,104.34578032194636,104.4364541863337,96.18356947910709,100.18968917723801,103.41664496405535,25
8,26,1.084448909757426,52.29991659534281,98.9534309021032,96.07006983682508,93.09477698423113,101.51909297802437,103.60781252563072,24
8,27,1.2873870267523329,47.260725384059306,93.30697100138376,103.46459311515805,96.97069589620553,108.59688953103648,109.9625767658406,23
8,28,1.4362806214689265,23.840380796517255,96.16671706108326,97.2522143204571,104.297939434899,98.06434675105243,99.77294391033881,22
8,29,0.801046077834313,50.15787455780783,99.93081126952882,96.55136112967914,97.53438588800114,107.21816001734408,93.71746552860373,21
8,30,0.6594922625413583,29.627756856273585,104.06602593373988,103.95185948025856,101.70025647284446,102.85306498609765,104.84092330266431,20
8,31,0.6104318634111027,37.35124677775699,94.57424736721102,95.87294735010522,114.74547212654363,106.22339790368393,93.24462816895989,19
8,32,1.3285555979060812,67.35757089918113,93.38771021628214,102.74441917658682,98.72522103223152,99.3727286999855,101.63939762079679,18
8,33,0.8544249487930549,50.33804920531753,98.85100184712402,95.74296782869843,100.87605709454256,114.92629501301705,101.83740832737152,17
8,34,1.1769407829968372,70.27450249110822,98.432351569138,102.10047245225921,103.03425296607836,110.28271782414771,94.34555782337043,16
8,35,0.6603654061197431,60.41872504849446,102.77756323171124,95.40656744256952,97.91316593197458,98.52455042881047,104.87908359672355,15
8,36,1.0149333499132593,29.68176806332302,104.59227221971207,96.45210072625413,93.70747544662333,98.91491474787814,98.4575860577209,14
8,37,1.0192245707802052,56.46516098573915,93.11191249622881,97.17612997914529,105.106916477147,110.44221386434963,92.0700834388102,13
8,38,1.040905003838081,61.78578842216643,90.60037807430477,95.65853634061817,102.67314543061218,86.82126130491561,100.0168775329858,12
8,39,1.3705269662693842,57.885135273102584,94.93052023853731,100.4284358070168,95.37287686970207,101.27691877837158,95.52326838818487,11
8,40,1.192073647024369,32.37512683016916,97.9594958041989,104.29225558328332,98.82689715021293,100.19118997480014,92.75704292683228,10
8,41,0.919271661166022,21.087442462743784,113.10396545514988,94.44016487112918,107.32088619376219,104.98429386732904,101.40318202245068,9
8,42,1.3361177032072487,69.28330177404166,108.79310242097567,99.73439673491227,106.11784441209313,105.48234616905442,96.87161356251895,8
8,43,0.9512941130292549,31.00653178420607,95.99980717801176,99.68237712692323,106.1871906734207,97.71349172456605,99.78588309344212,7
8,44,0.5669736120252715,72.64102718797032,100.29011367404198,104.24215441102642,88.76555333007697,96.96649852617351,101.05641846139736,6
8,45,0.8754689284665004,68.22887271160681,90.61723646979063,103.09855722983067,96.82318805587185,94.0516667045482,96.87827305143388,5
8,46,0.8695741994267732,47.85431118435349,99.07737321172075,104.48533098443566,106.37437520639361,103.25760995669754,94.31157164787592,4
8,47,0.9839893681797471,20.318808540100758,102.99397194780956,103.3417024435904,96.32913100610752,100.4099777820678,102.2864020230762,3
8,48,1.281959977157959,65.10481954375042,107.27911161073384,100.4191331396468,107.05229572601752,102.04881397979749,95.69456044913215,2
8,49,1.1204737850519706,64.53519123194523,97.78477989435758,97.60253516300378,101.48287772570382,102.31592397633793,100.98646132815603,1
8,50,1.0971553059903019,59.24796422167242,101.55654336721443,100.95317795632512,104.70655290383742,94.8373804823623,101.98963524973405,0
9,1,0.9739212201161027,62.98382671748594,95.76183035690458,96.73955555703469,94.55183481328805,96.07619045936148,98.14745950704986,49
9,2,1.407838513883534,50.4235788043231,92.97216490410679,95.46121909926539,107.59641961820884,102.55396044263797,105.15290292812028,48
9,3,1.2962414505413684,36.316762365106925,94.54033049802344,104.45123750418254,100.85919669896765,102.76625609992392,94.12202697187574,47
9,4,0.6909265850716435,61.678457533623664,95.52465078861698,102.31603146049561,93.16431096769877,104.24087106333334,93.83738342615746,46
9,5,1.3149397285405393,66.68151458867919,96.51614090785212,102.91013283542364,101.30221131666778,97.30579071903631,94.95722657961896,45
9,6,0.5311490927933911,35.574586956502955,90.1868715416371,101.74825023649846,92.17598614318972,100.47672099720654,98.68275891958875,44
9,7,0.8230273457540939,73.87515121745994,98.35276106826454,103.65935352144147,101.67529014542059,101.58077978591389,102.34633794904263,43
9,8,0.5672559139673679,25.695076209300183,92.32213938396447,103.78394339993491,103.06234397006801,94.91658435711751,98.77959763162899,42
9,9,0.5224258891620551,41.625609628489165,101.66929983284267,107.15683390915592,105.40883363836414,93.43890403284297,103.11034995153024,41
9,10,1.2623026245009599,22.336281001259938,106.64466659767704,101.93404260344602,105.45490212592983,110.06135222850382,105.11854773053491,40
9,11,1.364433246868364,55.216190393534426,100.72443916548445,100.11951521642477,98.24292882143133,107.81706679416054,95.90785667028999,39
9,12,0.728875462483499,55.811112613265564,107.66183862339058,101.83824646495711,89.49986746174189,103.12754008415519,104.42615741494495,38
9,13,1.0931582190394682,23.200879819333863,109.77078716875143,97.47126647869031,94.705462064717,107.40831701231299,109.81293595265397,37
9,14,1.1971358058918091,58.918337406128934,100.01847835923924,96.28757883730808,97.57347082316066,106.15437256577367,108.42507139354255,36
9,15,0.679356010289241,62.3083487342338,109.9353055584972,97.34514551094017,98.32431109414274,101.7116891724481,107.77080210357387,35
9,16,1.3381549749886426,68.16865608947003,104.26987988276112,100.21757334321732,102.79069757259253,87.35219961152849,98.51696270465101,34
9,17,0.6536910428442045,54.356433972921344,101.9316165890578,98.97764389506939,108.77737849157745,107.86509862607429,97.67097215440918,33
9,18,0.5317437653729886,45.40010864919185,99.24581144216653,100.97512492014063,96.20858965556205,94.34692332531237,103.11355611950134,32
9,19,1.362996831358872,73.16560611879248,103.14764792110905,95.97842120170004,104.476777153813,96.84211135417334,101.26582619018991,31
9,20,1.4733826191648212,47.90057105158566,104.10172006306227,97.41785178056215,99.01766708285952,98.9707028455983,96.26710826729881,30
9,21,0.5710348890440021,32.64758609300172,99.11612918442108,92.25690850568127,97.54423126428948,98.57562253315164,98.7191012375231,29
9,22,1.4730767979122983,65.55755041510841,98.79251277064611,99.69117900069935,102.39720759043033,104.37258537066262,96.75117386575866,28
9,23,0.8262539180411468,37.9630024223209,97.56398539402537,98.24039341091745,96.1500196690127,93.51941667875053,97.71939586262906,27
9,24,0.710506939665343,68.54141841750058,100.90713310056985,97.93501088928284,95.36650845576345,99.84280414812612,95.75785682904592,26
9,25,0.8024195112785364,53.80450186903125,98.20185163773769,101.50553669595871,100.91917258161253,113.46516831990249,101.74900012283953,25
9,26,0.7736404178607716,49.27005911264075,94.97972701578995,99.5970012535162,95.83471971499621,104.57695137780081,97.25229862702233,24
9,27,0.5569787269973683,45.1164364950998,108.69425675926665,98.39378616941045,109.162785217396,104.07075881059133,102.41033363667692,23
9,28,0.8138754967224705,52.28136232183418,101.8436657365876,98.60558302924622,104.2257898559216,99.75551408262947,92.97405076598213,22
9,29,1.2416414518360424,49.554144245197854,106.23445857767359,99.68997995316984,104.75724638529043,98.16746489815974,91.4806420658664,21
9,30,0.953989911199699,65.7468175204921,95.37767005935223,98.78308010312492,98.5008090186256,109.52068294786504,108.12979457681031,20
9,31,0.9896244620502448,58.68471491460912,101.47812244373547,92.41678725289604,107.38467213059137,94.16110224366032,101.08387781881315,19
9,32,0.6852703553833237,36.71858378690219,94.51348736183579,96.96062369662091,97.3043864842551,97.25865602537462,104.16666955890153,18
9,33,1.4271237818644493,78.19559152071145,94.4756860346874,101.10270713506934,106.0897957615278,97.43401817743302,96.41040554626198,17
9,34,1.056784910928188,70.70725108976208,98.84737687409874,97.343928526962,102.4193832559402,94.48853925081788,103.40679755221474,16
9,35,0.7182075345521722,72.44430639831111,95.80707100776385,95.56659538858271,102.67408668172955,106.14490251244531,96.81346126485603,15
9,36,0.9583235945875754,41.07316324092685,102.29193351775743,99.84470533564549,95.45158291509082,95.31746812605202,96.66110221765557,14
9,37,0.7381466536656963,74.50607311276252,88.80884383337514,89.39649923682467,96.96567411071412,102.28843293026776,86.26247578637383,13
9,38,1.0969106905466561,79.97346219502631,97.50134911924185,97.3687607174129,106.94168889104223,98.07489094143568,101.91494492370464,12
9,39,0.5304636863089601,32.26690234785639,100.70628570043732,89.347167600964,103.84103608315868,101.07698252728144,102.54134319837294,11
9,40,0.5502430098229821,22.094693159373428,119.63118853218162,89.57943530250705,108.62348324880554,98.56276240299822,101.43664452201504,10
9,41,0.5249716621170496,46.94232607580756,97.1508353588062,101.64754367786504,92.4141315166416,103.75289583760883,97.91902797557373,9
9,42,1.3014457762229537,43.52561461427436,94.34965330479821,97.32332456491889,101.7922680910481,96.34521862142263,103.7896092496181,8
9,43,1.177393129888873,53.94689329045978,99.12218027250393,103.34327402378953,100.49033769769473,106.47935890931507,96.40583806195635,7
9,44,0.8450837455132337,21.806232332679137,103.72502656438641,100.45876242224186,101.26120198213339,99.4188547843902,101.07356591585263,6
9,45,1.1114636112256608,60.70999809755827,104.34577296248449,97.72230236988065,95.55379585885838,104.77650279118876,104.38023396264897,5
9,46,1.4901088460868657,38.712766145823515,107.36335337875491,96.98009687015386,98.85225672319827,91.80257918737283,98.03764446969564,4
9,47,0.8433867021776442,70.07430741533766,103.20239897600412,99.04748447001094,101.6202851411078,94.26154305092166,100.42604724816951,3
9,48,0.7466586158054065,48.25761514608401,85.04432014549639,106.02997258273408,103.88703676382255,102.3333549098304,107.6050311357969,2
9,49,1.4043597749938572,69.04447083836656,95.25541739587581,108.73681598957779,104.66095782130192,98.81722356390527,105.67810073591473,1
9,50,0.7716331812743696,31.436589984466988,94.46853243794183,97.35511145967992,94.71721178619873,106.11541533547663,98.70572799815085,0
10,1,0.6198910934727121,64.09555084369364,90.89698349725741,101.35028679195712,90.43872512290112,99.65682976957265,93.15842480583595,49
10,2,0.6644055290788787,26.994984473341802,109.93637999615405,104.5568136108736,100.5287689563574,106.31853338827334,95.76842011267132,48
10,3,1.1586613549397669,75.89329485856885,101.32010040666835,106.36176750053384,103.662460513899,101.44361831412512,91.72556281885852,47
10,4,0.5108110836351963,69.59306445148786,95.19976852360269,99.38645533202138,100.46686187138326,94.34898137663038,112.05838337789211,46
10,5,0.6187090955091115,78.83409362364341,107.58197027626787,103.01059160196242,100.36018430641873,98.93895515049424,95.24040769988882,45
10,6,0.6725238769463621,54.07845783896483,100.38740259259431,101.67088208622448,99.22370475587626,90.46096221061305,95.6980749461025,44
10,7,0.5503495269693532,23.165915471576156,97.93197233289177,109.43843828670096,102.78276562266879,93.32259215450054,102.43018144708819,43
10,8,0.8592087469826903,69.41313359670914,92.26348005530818,99.53181905630414,106.62898323771095,93.56418215707875,93.01440907443504,42
10,9,1.3057145256682179,39.69076896785672,92.4032696226158,85.83922200944716,97.744205707955,102.7587039995546,106.00130874869414,41
10,10,1.3236236107489736,43.076664558726094,97.68419318957301,90.65129150152289,98.05739612408496,100.95211944962529,102.24609360642518,40
10,11,1.0315721526867312,21.95954364706975,87.55836323293505,96.70875793833076,102.26754356277233,95.0885298287266,100.29492110794799,39
10,12,1.214753276443946,24.107027153961006,102.23436250401349,95.18633717357694,98.96694360151977,103.05108084794611,100.78486480484217,38
10,13,1.1617777324716385,24.60818289886529,103.57304895318309,89.75029360711261,105.79537032477948,98.31872630659464,102.12744966620116,37
10,14,0.8734579451327052,35.32018242579465,105.98623461822613,98.55725652062148,96.08123239437786,108.67468287918405,95.71613953086603,36
10,15,1.1581598242975735,24.206488378475417,93.98925236961955,98.02159644121868,101.58726630625088,98.33569797808744,99.53306570550026,35
10,16,0.6682036557665182,72.75981294070844,97.35333943775815,92.42764845409616,101.6079660566962,108.7746653582362,100.09200815391719,34
10,17,1.4581180089194339,33.226760254725136,101.12632058623775,103.46361377558429,93.65334751726651,108.51257329064802,101.01164398211401,33
10,18,1.1774380712282944,45.70747423092773,108.15928449544555,103.87577747017392,102.7652004292618,101.17012227176573,98.75735690962776,32
10,19,1.0402965317903072,70.67995454541347,90.16465148206424,94.414067691465,99.07077123903626,101.54999491582778,99.71705755550052,31
10,20,1.0140954425512598,38.50809688936904,106.09485394896832,90.91010387306423,103.79856147742085,99.52770642778998,102.0980498601206,30
10,21,1.228370854339646,40.7483659046255,105.20862332029425,102.91772151505944,99.3524137656828,102.89928642647565,96.46553716006325,29
10,22,1.4903323037936484,21.546175925861068,104.27777829510356,108.2474044716196,105.35305279989593,96.35198765096295,101.80708658636551,28
10,23,1.4385297834731303,30.870996743004966,93.53429228120676,102.86195155587838,102.2530170643127,90.65091830233918,94.19108078043818,27
10,24,0.6709364024208483,45.088687289767975,98.58430551628116,101.94489364676092,101.25736804470256,99.02865434010741,96.22104249920818,26
10,25,0.6002455637228766,20.995548837955873,105.24353563208282,108.27703556544148,97.58219258076731,96.9391654142259,102.45603832705999,25
10,26,1.4264637979561847,45.17764296840862,98.20985310126507,90.45321956246353,106.59151162426335,100.36340262164671,97.9425342771891,24
10,27,0.5113025365890225,67.24231748895639,99.55382922889275,99.81214677510259,91.34399348277537,107.47469113726618,100.2066281613531,23
10,28,0.7752391810370083,62.56633187803848,102.21501065223687,102.36735949517615,98.66179454550603,104.23385387608246,89.36386289824253,22
10,29,0.5505731038242289,45.56727427713385,102.16131475317077,102.35022093684101,96.46187052588986,96.43913067911978,99.44667315721335,21
10,30,0.837454278964229,72.24130732744635,95.51678886342395,85.46505890339179,98.12588971689097,94.80728089578014,91.84362092269527,20
10,31,1.029940586930233,29.682041503302987,106.64320414124116,101.5659223693249,96.9674830589213,102.27952097585352,97.70454844890504,19
10,32,0.8610747263410372,44.50733488450896,96.52699815418427,98.05038146720277,100.79026744960066,99.51688164992555,97.92016536026321,18
10,33,1.1971636921379805,31.606120577388953,93.41434040026708,103.88013956921738,94.98891490536637,96.23782381323483,92.66607404692161,17
10,34,1.1723838432917035,69.56388107289713,97.49298926557182,104.89211056014018,102.61071272966969,94.48165085734816,98.34605387836221,16
10,35,1.237950947397592,41.628470308493235,94.01605676786845,104.46848844694556,104.46476935054385,109.14810100858044,97.95156703685251,15
10,36,0.967681212484877,57.163398161990116,103.56161079790081,92.3247987623382,90.59994983046118,103.56356014430666,90.58424895970708,14
10,37,1.350574528015116,32.09170268037877,100.92587768414957,102.12722432092086,101.11144927900428,106.39432906656697,95.23841809630602,13
10,38,1.2653633638580408,35.1815804552152,96.61502430770734,104.50199294197532,102.25612659659254,105.91746833444964,94.10979566311809,12
10,39,1.0942418273085972,56.18900720737682,103.67810998622873,108.9089945438553,91.71688396161113,97.37775931868674,96.32348269659023,11
10,40,1.1923543061544142,33.999969358959596,103.60739661878672,106.85268071998357,103.47601450041999,101.4187551183075,95.06063329549626,10
10,41,1.3494464062257356,22.699809274125464,95.76574516937318,106.24809452648333,103.89674501952666,99.80490240311228,97.91045227117054,9
10,42,0.5136824147606811,24.8959232002903,89.87096063444312,94.6457379065778,109.55709543569861,93.59772214498767,100.94739910610541,8
10,43,0.7959320294366161,59.82946849116351,100.92355237390542,104.68957768755328,100.06249660953625,114.34201527833385,91.65700370560903,7
10,44,1.4172680665776807,44.39543224156834,105.2936426494194,102.20653575849623,96.33421901445001,101.1449819622967,90.71049274300856,6
10,45,1.19783278550517,74.01584667212423,103.19330084321551,105.29059162543575,101.83809920104855,100.74044709899138,95.59465831669354,5
10,46,1.1618345851139982,58.02269598593174,96.43889618175474,98.80944781843974,100.23001373626637,95.47692812503116,105.86378422633723,4
10,47,1.165055989006631,53.3947057101292,95.60838461410131,98.10996050490891,101.15722961262786,103.23244768862885,98.92166181226183,3
10,48,1.2289392001051573,66.78925304060408,95.6351945477315,95.41862949718137,106.77721400552748,105.85099354598302,100.67148248623896,2
10,49,1.457631646272588,53.94469703679735,95.69148464871871,100.15015739582041,89.2380822769541,104.38227822751467,92.1925338877907,1
10,50,0.7402991234503667,25.69791651370259,107.517099142145,96.86133046957747,98.55980563038962,107.09265672574018,87.5609567173246,0
11,1,1.3736185287372153,79.73413402944126,106.38482693044094,101.69011740550854,93.96489176071393,94.6234380347538,108.38196513604102,49
11,2,1.1821916892550988,38.91436607896705,95.27246560028634,101.69276438142957,95.31037211731801,101.0831248770231,94.87123658179861,48
11,3,1.193422128056309,62.0366897836671,102.66003099410972,101.80830530623508,108.80594062433687,99.99843163694112,94.09062937289599,47
11,4,0.5256896448694082,37.07248314061603,102.24736956416153,110.43023524768557,94.92620253407074,98.19268616653007,102.08223019050726,46
11,5,0.6255497898984771,77.80879684845965,99.73047575497131,95.08848209811343,105.60928928115236,111.6002036100863,100.98065729511954,45
11,6,1.044344887634321,34.02444752220465,95.47965855132,105.5193867165813,102.37583873247691,99.98798079540573,97.05364174105347,44
11,7,1.1893104121026903,35.13871562418122,104.56885810692793,92.27135106654633,107.94919489090341,102.87035610447,106.99797322572897,43
11,8,0.966181591127557,31.396168187453654,93.28936125757443,102.51392213447598,108.98180411463481,103.53039456907565,98.78659361593984,42
11,9,0.5209341178267333,38.94638907496976,94.86815396167054,106.15000286359574,95.17647287124643,108.14234277386161,98.57807675196746,41
11,10,0.9122797278316656,76.08379492929805,107.95291036308925,97.40301814086936,98.2954606132696,102.1415834618762,100.38578248108858,40
11,11,0.8778392137271867,23.72220581772689,100.39288514859575,89.35632952792594,102.2908405739435,95.10139387641597,94.23333798397127,39
11,12,0.6151461783952011,72.99641608557343,91.56327826444645,91.03053751066055,93.22276248443855,96.45489521184754,109.76629568763283,38
11,13,1.1482334688078462,23.686777407847252,102.00240693253164,100.65532593107925,99.61278269637003,94.02353118200378,107.25463774139607,37
11,14,0.9014617790890432,40.28506456197569,109.03598321818943,98.60094828811496,95.17731102544904,102.52982776727933,96.35863898796694,36
11,15,0.70883093549459,23.513918317072033,110.82528033903301,105.95274297171798,101.06287015316107,105.13493131659867,105.52950212178655,35
11,16,1.0402788931874212,24.756817077871503,97.18026255970878,104.30818062248972,100.6953019932671,92.11501758904501,95.98587778024579,34
11,17,0.64346945701802,29.086731316121437,109.86271088394903,93.07006028800501,102.52794620917938,107.44556554164144,111.35724872711398,33
11,18,1.3286529061182892,67.00817360295606,97.97801288408019,100.97740865776646,99.50577399380347,102.17987694750023,87.33876957390157,32
11,19,1.0806452259096342,76.15623489491357,98.88762551610867,110.23431097859779,96.62532990604724,97.98462005467485,109.95776651102366,31
11,20,0.880951845023475,23.27392449696194,95.83969347575072,104.20367241064774,101.03901253676656,93.5368732642387,97.33915718436405,30
11,21,0.9425773459328154,22.901762662926853,102.12921829314915,102.09102877943987,91.11994122975798,105.31970493780427,101.26284422998312,29
11,22,1.325932308550016,57.88752755498124,106.92266023796952,102.33272655725064,106.73112878101374,102.6112531800889,99.51042376778548,28
11,23,1.0411138248788447,56.305371112432304,102.86872210502207,93.61847791730833,93.5584619126823,101.46357741070926,100.7276059888412,27
11,24,1.2636922693503205,51.40408225532049,96.92938717495842,103.47701237275149,94.29495745123631,99.44245586428528,95.97516759573719,26
11,25,0.6633667583984202,31.067543063593,97.61177208697997,93.72432314013302,99.36172659240906,97.19696181576344,85.35275654998865,25
11,26,0.8827841004030406,70.34879648424516,110.26486012250831,100.094095248703,94.14172826341219,108.47861438905433,109.48644347386556,24
11,27,1.378033512844457,53.47242053960439,100.87643389466962,93.31637280562035,97.94088315518171,100.65963983385979,97.72726140628278,23
11,28,0.6698870732190573,27.61666482529836,98.90673361282482,100.26129245248741,94.69697466801699,96.41491925436031,93.57707867150015,22
11,29,1.4895053333843224,61.058854935520685,104.889077748431,89.47176529079837,105.76795171658463,106.93174698631421,98.4890970650869,21
11,30,0.9154430005920896,21.440302690693333,86.98431456086351,94.94700890035543,97.42390803095878,107.65097599431675,103.3246358115087,20
11,31,0.8153637432661175,43.588827769640915,98.36491341195115,98.93271610324781,102.48099593681658,97.32341643716171,102.55749787680931,19
11,32,0.9750898728667681,75.34605701936746,109.67577020030114,99.08424764473352,98.21663432910064,105.90320456226073,96.86343277024349,18
11,33,1.4925146201619715,34.44023088542919,100.22611354499992,100.25598950940542,97.49107903594233,93.13767226057949,101.61487251808835,17
11,34,0.6808919013788983,67.94947826628692,99.69498014072309,106.10410649406523,95.61613109394078,108.56020142008947,91.26181745085869,16
11,35,1.3326117733261311,68.24993389903304,96.02221466029559,102.12196968930506,106.3975933488008,88.91590580322968,102.51372403745407,15
11,36,1.4965263087986191,28.113038822771284,87.53364589834962,95.17167598238396,108.14583182450473,97.09108983303973,94.13060017795513,14
11,37,1.1692190299248666,49.028152391638834,90.84158876396987,94.74345044180328,107.48715841589814,109.28851171768866,99.48284387854858,13
11,38,1.0534717762098498,54.21721632388343,93.80473648736678,103.39473493881117,95.9379882553129,99.75485329580981,99.19819959477584,12
11,39,1.2802126485356335,53.83357526332414,104.39708520568702,94.61311961507622,106.8824822500977,101.56566070006578,103.43532897929458,11
11,40,0.988177675310814,27.990927540051405,107.33270429639302,97.34272724320392,92.16070287317272,101.7335498880246,112.55778275792211,10
11,41,0.7881845259595295,20.387861467382635,90.79961127747123,99.83859694475265,103.20271467537387,100.61539100828091,99.4343597374213,9
11,42,0.5914219918171382,57.540914735681156,93.50391818277087,89.05039147510723,105.97296110256866,104.79192909921021,100.2583048842554,8
11,43,0.696294302311067,21.353870702320833,101.14537344102851,105.37159006357781,101.12169828389041,104.52008777380657,98.51258899563075,7
11,44,1.2498599312882688,74.78248801339136,106.55991869286973,93.64969455643984,101.43477927150855,95.84022541252774,96.80858636735753,6
11,45,0.7468570275957329,38.38492696106218,110.62385701508481,106.65669530994202,109.60183751072131,93.88552490222219,100.35626874955446,5
11,46,0.7139946786983136,36.99706420955464,93.53246187397951,106.1979200322078,98.01885160949121,105.34189666847008,103.02060444794259,4
11,47,1.4327529390603133,21.20827093695739,111.51819376052394,92.60277888430139,106.29616619893399,105.73220435200363,95.13310580986483,3
11,48,1.3797524022943435,22.953254872445697,105.0356666823658,101.68072481513114,98.86261870023296,95.88032256514,96.40445274275407,2
11,49,0.6381252931402472,71.54670545881498,110.24906047892964,100.00341409478742,103.9106500076573,96.04550309166224,96.10073526889181,1
11,50,0.9106826330102828,32.581416645812055,105.40992404624971,100.17013705536117,100.55686300920026,99.10453357491922,101.97909890547962,0
12,1,1.2818909129968898,65.95151863308452,95.07098095666086,98.57922451035601,105.9738143093847,104.47323593786936,93.13570274259467,49
12,2,1.0044559416693555,38.731384194147765,101.75739950176101,109.48883508372988,95.26053641365507,95.8283847725421,103.8201489078643,48
12,3,0.9053253606469533,36.14969425949775,102.98220568790876,96.82857076155298,98.82015006394514,103.72092855157517,102.1077304176828,47
12,4,1.3461242105302316,30.968803312353554,101.33409198147702,99.38133659950121,102.28902804962893,97.5153398744101,99.0871551281023,46
12,5,0.986173654104883,26.540816938455723,95.94499568185577,94.42976774919003,101.29330573927695,101.0636988792883,103.91436867474286,45
12,6,1.357230937369791,65.87905702309241,97.8443721521245,102.22386903915798,95.8717315859893,100.74681741135595,101.8207014802733,44
12,7,0.831616849107834,50.03475904584988,100.8024481198674,111.06265519698621,98.19980365621508,96.35961451072339,101.86674279855698,43
12,8,0.6373000327155702,77.14320514392347,101.56189105233285,105.96367582708207,93.71065922045557,103.65690126287497,102.95211030625731,42
12,9,1.44574970222593,38.77517288172936,105.14728740799178,104.36157690014225,94.28490343963136,104.10079093377742,99.67655697483741,41
12,10,0.5536347915208308,63.04789943671473,100.36437049007758,105.95853748553533,99.58141020075394,94.40226935808415,98.03235072015136,40
12,11,1.3364421924698697,52.9345778984043,103.01547342474417,95.74732360626479,112.42594958339446,101.32387655488989,106.37695368999508,39
12,12,1.3295627156830498,62.56332930946317,99.24142783211386,106.09097355877128,105.28684152689112,104.36098500036489,98.42456634402946,38
12,13,1.2253716002348574,26.755427991751667,104.66564036170534,98.88639649611696,105.32585982857194,107.2630837274309,95.4183954046329,37
12,14,1.4420582194885956,37.89634725404736,95.8153964810186,97.37716493116474,106.76101339433572,102.12033430759226,100.1972352412037,36
12,15,0.8691361938092045,41.431540039582686,101.40504625140903,89.33702186922582,105.06318704822036,99.2092307781384,116.21546484797366,35
12,16,0.6383715947205566,78.96437245462316,111.53958125308056,99.09275465376241,99.46831498734342,104.97790757001015,108.5158630495902,34
12,17,0.9151456539927457,45.33153403284068,96.8898259722281,102.91368791586932,102.48436795253798,105.34885727491925,94.00151235817346,33
12,18,0.7566472071860958,65.1268599618185,88.41928068515561,89.90756067805681,100.72531872979691,103.96587844109338,99.38971433939362,32
12,19,0.8450168399245661,23.283962415499154,98.14708618799608,93.25976444029916,96.42659661504784,102.60639952506907,101.6083927068825,31
12,20,0.930535820913037,27.14844031976289,100.8402990298341,89.11467476778573,100.89238331942695,107.14428853906784,92.62933933978947,30
12,21,1.2187181132622023,26.63621593238965,106.26421317213742,97.75887691849925,96.53874835367051,90.15538428791959,100.51719064654053,29
12,22,1.3614456860213242,71.9621405027454,110.21038020071872,101.38679230982338,99.88860510408144,101.61041155383492,99.94453998025699,28
12,23,1.2545693612057365,34.91629307679838,101.12880761555877,100.08806625966828,95.12316986360875,106.5175396596738,103.32351372666555,27
12,24,0.8373306088457655,69.65142163722902,97.23539581316349,96.08998253744481,96.20148441259856,91.14465723455955,102.35771190209103,26
12,25,0.917394782329148,42.61201282083131,89.62205995460734,99.56965153604554,99.24839769864064,98.36651893406818,94.78711152664712,25
12,26,0.6642868432724093,66.98968585542184,94.1388312328168,101.58179160768073,95.57375656937889,100.9053137138554,106.51639018658032,24
12,27,0.5778565196087696,77.32689148628404,102.93082900196391,97.9379309089176,101.28599485177963,98.79667412734894,100.03940092347364,23
12,28,1.2694425794215567,76.087731049567,98.37194473925749,99.17832397057305,101.06046676537088,95.03320650209025,94.9206058650501,22
12,29,0.8770539310016988,43.59924022311132,93.9135865388976,100.79731253402065,95.53606242254058,102.56807232115548,100.17356874376281,21
12,30,1.2964405615234773,64.36815399432363,90.15747893280974,95.03068662582574,102.10095771447496,95.71750881295401,100.48835188374167,20
12,31,0.8773631767966508,44.81099181739755,98.08591405193516,99.38135526862582,98.01160153192698,94.0798472088872,98.00050468934431,19
12,32,1.4812575773912768,42.8969899465481,101.34647376290367,96.64942399772883,105.8585895735808,94.1191333172261,102.4378014854336,18
12,33,0.6460210192969625,76.28384837408788,105.9094554647998,102.40454046374448,98.98737886467585,97.3585147666851,105.18043825523128,17
12,34,0.8559577734706405,28.91040689862085,92.88512537369164,106.18826878755999,101.89883818020448,95.15977120744877,98.44846147307548,16
12,35,0.696688197312823,34.24899831016304,104.8944477927839,93.14128435368247,108.04390427867187,104.14114845092311,105.45430835301849,15
12,36,0.7040876611557603,48.14244485108924,97.68530243987371,97.37668796466599,102.46827423821576,106.48031530890698,94.46421591598774,14
12,37,0.5253486042639385,61.402813304566976,98.17247031507367,99.24350389883739,93.02105398903757,102.956746208792,96.38004834128695,13
12,38,0.6471632510949453,37.87863412975062,99.02304824411488,99.96477507259722,98.92195210715988,98.14071058860667,96.35769189159828,12
12,39,1.4260595598182655,29.70167319643921,101.59762335391477,108.26808634246143,100.69943616419563,104.98059107455565,93.04889037423268,11
12,40,0.6662293620516587,74.98934906693086,100.78880719646885,94.51315840514467,92.61537536234049,96.30314296270481,105.95949667206787,10
12,41,1.4520624466390029,64.27566613992802,104.75007914334823,101.215023610272,92.33649720055034,99.01859674306031,101.50850004450868,9
12,42,0.9237701199309234,40.527956006713694,100.87768114789299,99.67961117925641,102.68145454758594,89.01936089450027,99.18938012260071,8
12,43,1.4095484730121384,54.137328996911044,103.46428792118718,102.91285659404403,96.00029746649032,90.45998931438346,98.034736214693,7
12,44,1.2939351334518512,76.45953935446622,105.0081591260428,106.96727263762216,103.55274551148892,102.14670411400867,101.89819824192983,6
12,45,0.895053337856796,23.07580755055989,108.34534762913165,95.28720997104062,108.07389395354926,98.3898592275397,106.62716054547539,5
12,46,0.6864198048539746,64.96216619869742,92.96592495251231,92.92366404037907,101.09267021205473,105.04735894297984,95.77529280703251,4
12,47,0.9826012356615207,32.96188642358433,99.5628233561141,102.7415981377725,104.74797285682244,99.70292409363753,109.27751657397131,3
12,48,0.75217287749553,46.80358812215843,101.12117372267646,98.68670239841916,98.31806527294432,104.80152398140736,102.31241812033427,2
12,49,1.0506604592365643,29.188670005037373,103.35765585864527,107.64015679693917,104.4375198370703,103.8042332715574,100.30042997307582,1
12,50,0.8416411126906018,58.907873414014226,101.94156002711725,98.25280336391522,96.1371562562188,101.89576559363061,106.15111087825395,0
13,1,0.8936355202774421,48.40613956250128,97.93889627487765,104.56736866008703,102.6881495147494,102.14093123905288,98.6000334906276,49
13,2,0.6654997746636556,62.39624773965306,93.60484631890107,110.92048366690229,102.85253604177258,97.09675848723025,96.94307376305686,48
13,3,0.5414973255099064,39.32405211174378,105.58416887764977,100.93208084872023,96.34184130545736,109.45220342577892,100.24654165760111,47
13,4,0.7589042747931396,23.16960118188332,103.84419837984449,96.9588674627762,101.81557813872261,101.55554995571597,90.55175353951924,46
13,5,1.0644165877797476,56.03499181922816,98.01402341927006,94.48865129772072,101.73780806901776,100.43348849707198,101.77834474281615,45
13,6,1.262212058314177,55.503018133544025,100.95788698097044,102.84051602564323,94.75172250545029,106.81281426356226,108.20307281744144,44
13,7,0.9897858679882408,51.71939623935654,101.21441006575138,89.58950648405506,102.76574578189604,97.25899850916613,109.61722897412477,43
13,8,0.9377168249335414,36.605247917078515,96.1269251499071,90.12256114391431,103.75549727253654,89.6745847687184,100.1422879059158,42
13,9,1.237132413956639,22.202776608984,89.61094090071902,98.39851097731679,108.21689077902266,101.80323945717898,95.68253197517532,41
13,10,1.4724613900279022,51.080625882565876,99.84398255530458,93.16570818359587,102.96283636923665,86.47804184198613,96.85057723818095,40
13,11,0.5748958420019837,26.36962121284803,97.55863078774227,103.16663413035619,100.11315426338435,92.97218473071857,95.07503437091492,39
13,12,0.5364610508256185,23.164637129733045,100.99340004773704,99.60466329067722,97.10437945182127,97.5958310524401,103.48083998579645,38
13,13,0.9217126175259164,22.395351953825074,110.84968294040272,92.88158681558039,90.74078634212671,103.91794832399303,96.60678469352948,37
13,14,0.8667983206462684,25.96968013237788,98.4088123612869,107.9926905604817,104.0106422930906,104.31111755943489,92.91886472103677,36
13,15,0.9556495494398775,48.92104038661595,95.95309589458623,104.78351593192829,102.58473257874185,98.89243368523938,99.88849858140973,35
13,16,1.4128008004078616,56.62178046908942,96.55557228712297,91.92056606294764,101.49823843918674,104.66217435477334,97.92449855518315,34
13,17,1.0592181317684581,50.884531625406794,99.47828603506554,101.96653525002662,96.30971458169304,100.90625581301025,102.30135812491152,33
13,18,1.0756652529974198,27.566919342524635,100.9742117013507,107.31097969358818,102.24317882257263,104.8099359453592,98.81494014993686,32
13,19,1.1486829533573646,73.95493509735215,95.24544635156384,101.59260502399437,95.04151668279845,96.83559862557604,100.94664153646187,31
13,20,1.176398368910006,38.0579791778973,101.48622136690062,102.86003139150236,96.47635782194558,92.31207601775412,99.27547710459284,30
13,21,1.116621978165275,22.42003112830712,98.18441669422216,89.96271569627496,98.05826530849421,98.47190444465843,103.1683051238703,29
13,22,0.9255056592718428,53.92495638515228,96.50900162694475,106.55583748901313,98.87840514560948,104.29792436171778,100.39900742029367,28
13,23,0.8879727543978864,69.77394988570211,94.50689787411093,107.10252143635532,99.4325967705893,101.10779236812105,106.17375957022398,27
13,24,1.2653162995253862,75.76420903094923,94.84022378952783,102.97745448819629,97.05052621768554,99.33915322177815,100.36139482692144,26
13,25,0.887223141210207,36.96592742360592,106.7553644620657,104.43095594292397,99.68680211336383,101.21561729256446,98.52878747181771,25
13,26,1.3695336718149798,30.83945247867819,106.78291692913992,105.73015072071033,96.11314257577047,107.79394592248447,92.34769295128312,24
13,27,0.9445735010694285,64.5421962253869,98.7865062608736,90.54994914408529,97.72602641311154,94.80096734486558,96.96176827313263,23
13,28,1.0833072481842045,73.06060567827726,99.3134451710556,101.53838326700557,94.52240305577219,95.59622955198635,108.99362509175656,22
13,29,1.20109758736427,44.64389260946072,98.78469400559567,100.01143968071752,105.35182580114964,106.35946210969328,99.44593719860457,21
13,30,1.4790318407916674,45.244193754117006,98.05878473239231,104.45651843434878,100.02114929497075,103.09443149011577,108.19179866135471,20
13,31,1.2978046813410726,71.86197598735839,92.40544587454966,86.84634931585468,101.94187864615084,99.52587884359563,97.4260866254263,19
13,32,1.3629596233130186,48.83359645017609,101.21765102093173,100.4305543412949,96.26538357464916,104.95083119479645,98.91434462526898,18
13,33,0.7039946036093874,69.58787656953098,96.75086557251282,100.42084115092848,100.06414321771842,102.39913517683416,98.65677123345128,17
13,34,1.357857783517489,38.29418746310381,90.81820108114802,98.51311960378447,98.76808298742726,104.93188252952969,96.44013386370538,16
13,35,0.9716263651952617,33.6488962216124,97.57913024375631,95.16876840123373,99.12310772050655,102.45752823623391,99.95355719216091,15
13,36,0.6791639182901509,73.46840550761056,101.53490536343119,109.06703849257711,98.28560569221219,101.39174317322335,97.45393318700432,14
13,37,0.781825003295472,31.058083817005944,97.60620714239155,101.79737898773563,111.74537893350379,96.4197828186208,97.91687347192268,13
13,38,1.2835015025879088,20.63079347249921,99.68438493444376,101.97899424354874,101.31775405977392,106.42047896974059,87.86803964732395,12
13,39,0.9769833926176538,43.35251711740633,105.48650093771855,92.17175984197202,84.96183830153122,102.85589703109605,101.21828611851357,11
13,40,0.7825502675186389,36.7404974208678,94.54895796600285,100.5526765873697,96.86842361908496,102.4703195948776,85.72686668547804,10
13,41,0.758792408364524,38.987427852464975,98.71829660813754,97.30976120754931,103.98921889947883,90.70331614169972,100.22745738165376,9
13,42,0.5141966344717237,35.45791992581175,102.79168211605852,109.28323718280977,97.59117014453263,101.62229302176259,90.98068603718818,8
13,43,1.033323547859605,44.33871556683425,99.97219853175964,105.89256344899212,93.13298555515125,102.59951069764377,109.34408920271926,7
13,44,1.0151670283865888,79.41711023509647,102.09852804178632,92.14559271437044,106.77786467855174,96.94571180097466,102.52241628191508,6
13,45,0.8845158137062665,40.81753702265515,107.17543699611117,98.26348855521078,107.26637738021272,99.60884670470742,90.7905111352107,5
13,46,1.3099787436834724,34.29738023318549,104.4603379986586,100.12605433770041,92.28440886028565,100.82147382685285,110.981115710764,4
13,47,0.9455178144931612,78.01811087709892,105.37671700978449,101.05334232601555,101.04767115131398,94.54187413920448,101.16924012894799,3
13,48,1.2180141781270015,42.32261406873244,105.17721708208472,99.54146987927437,95.5611524423073,104.98816038460123,98.56602882130865,2
13,49,0.7439953023524722,78.00405365210648,103.79757443743054,98.54120683870731,99.70086928235048,102.46780102167146,101.45448528795004,1
13,50,1.1877692063657348,36.408470922498786,90.0223410977413,99.33931705549226,97.3813434861429,93.20712992371263,94.60131839362076,0
14,1,0.99101976266891,39.24401493869428,97.00781209709477,95.16706054507343,99.65938287416023,101.8198531542637,110.46598966104972,49
14,2,1.4833407684142266,34.49607658614578,92.44058290218393,105.79690521650261,104.86550780507537,96.1045363031165,101.01617977293016,48
14,3,1.1768722758275765,23.84568266217053,107.54565506702275,103.02803116315657,102.54304186616721,97.84845340022679,92.57971667537832,47
14,4,0.633778144993968,77.19843005494235,98.95765894729796,106.03304077431957,92.36416071705176,94.72455315911652,100.63133868117033,46
14,5,0.7897279837382146,34.325106265161445,97.88200709135911,93.17191297904925,95.12939076891816,103.51713958393654,93.46315108884518,45
14,6,1.4764565294354102,77.27998141274414,92.01063932752581,96.84987510233053,103.65977751254923,99.01539096001555,97.67709460942191,44
14,7,0.7667945494338309,50.35554800878363,102.47352826887516,101.91717515701822,97.9534576295214,105.02962255898208,94.3625195052348,43
14,8,0.5609055432351827,62.093915936176536,105.63954496626785,99.90063182315845,99.46367617094529,106.10141448208859,94.61660436264494,42
14,9,1.266245472760379,38.24567815827703,97.0223253240807,104.50266538665795,108.49717991504355,97.99102486529183,103.40681163287653,41
14,10,1.1096819082757774,74.9059072694018,94.23153859330071,102.36519141080107,96.77213963982302,91.69458292216413,102.51626032374753,40
14,11,0.9744349141471741,40.026595824187865,104.70590933209985,100.95948867936518,109.74171322394906,105.12554576290887,96.73050805837212,39
14,12,0.7328585568760942,49.520103765924965,100.13656689925719,95.29800541757824,97.1961954651007,89.81889748572031,100.23746734125821,38
14,13,0.7581076431734147,47.83912504642285,102.02106432638666,103.5793637234548,101.13517239432444,98.37965912395515,102.95721075875927,37
14,14,0.6139658871192412,58.634477424065885,103.40110180238345,101.38300382755591,105.9774032541274,97.01685470694134,110.48969669566216,36
14,15,1.0287073198840526,22.06261150110351,96.63757201996832,101.1163541796013,91.28889153682363,97.26979100591639,94.53939399825717,35
14,16,1.1916434019733182,67.70069221570822,100.67669173946146,88.14170319570553,110.2103482646394,101.47639970310435,96.11750429753499,34
14,17,1.36799959189509,69.69115215940718,96.66575641524219,100.98958333671038,96.96263856189846,97.97819003654989,96.56860432122458,33
14,18,1.4429827840711358,56.62256358690152,92.83664355130173,102.57441798038187,104.09962626317618,101.62170105007434,97.33637250891549,32
14,19,0.7750988815591244,58.34647081968238,95.4966430874376,95.17899964288378,105.40028029569655,104.71394257070038,102.43652618522498,31
14,20,1.1473421343730912,27.70099559688169,105.35964932605899,99.37412785808418,104.23441051942457,99.42387883723902,98.0752855579496,30
14,21,1.326390311600555,62.089946087909965,96.65827402576599,99.69462164323812,94.70779683179174,87.50969491253531,101.00229815706865,29
14,22,0.8116529166546489,51.51909586704328,103.04452678127316,98.24575284961763,88.9082611997446,106.84850553827093,94.56972708940957,28
14,23,1.162232158329593,62.91933863174814,95.49704823731969,94.33607524366127,101.75185108193169,95.77837981408464,100.51242321079104,27
14,24,1.3696958848516338,73.44992889737802,97.58586204596541,91.09420792767183,88.84765990437771,101.13342124247299,97.19221126834687,26
14,25,1.3212594203728454,34.67930327628278,105.86721138316223,98.63727639319096,98.29700646545069,102.50071516556942,93.21532215150212,25
14,26,0.6018787641395565,74.66723008351745,101.11576527373849,102.75942985911077,103.40115104208815,90.31623648748767,96.1932236509553,24
14,27,1.0464763610253764,25.48119456341335,102.40372289883992,107.48355203722991,97.52517259815963,97.51213750845393,105.74836009439373,23
14,28,0.5174982139873886,22.940278698276412,101.48288469265152,106.33825755593986,101.44364001504918,94.21441690643364,93.33435822611096,22
14,29,1.0963464974967758,36.45277334744882,105.94298411543504,109.24681070693191,104.2155266616162,105.81419288767493,97.09991833673158,21
14,30,0.626110141678625,27.79142080507286,94.21792091628072,104.25039666208777,102.088403761197,100.53722187170446,101.93685740316495,20
14,31,0.684101323360957,26.339020726935843,101.61592741229103,106.41908429926781,106.47492792408478,102.72110176170173,104.22901436281464,19
14,32,0.5562139054598785,64.85123820479029,102.57031276212388,97.6941513398269,103.7828233745657,93.02752465570369,105.26945776147942,18
14,33,1.457971066482454,22.005414346130227,94.02738530116983,101.42901643397366,95.77423020786921,102.76694491537214,99.83037387036046,17
14,34,1.414834949996878,32.702862328878254,92.02622020918334,102.1034981550924,97.11039611583645,104.40573360406684,100.00662844367204,16
14,35,0.6466145571598423,58.75567358138236,97.05333884286318,97.70680681949457,104.28351240121277,108.38688543902745,95.97414124128562,15
14,36,0.9479716563821899,44.32830057982511,105.3842407232884,95.20610771906613,93.23745655279639,92.0820580510621,102.06499456068899,14
14,37,1.415289940379274,35.94113389197581,103.45236343060756,101.32808496586267,103.28881588075187,99.65233856878865,94.06503305847127,13
14,38,0.6883025249171064,38.22410277350596,105.28907090410398,99.11041062097802,95.43594540351744,97.91284809005283,101.72026960781733,12
14,39,0.6303204331723359,58.605736971039846,97.56147313525628,105.37166502385122,102.4820005886697,110.37532519674271,105.90064086870764,11
14,40,1.128734015059993,35.96608211223852,105.72146534279969,99.73446599151545,97.24509098230875,100.84007670266264,104.72605767305741,10
14,41,1.332391041701908,79.49746057767369,102.50415795502106,95.6076309932897,103.7122945679631,96.81206228962019,101.08341559482143,9
14,42,1.4101961241446963,42.97000368610611,98.48324966261433,94.79903140092051,109.72597537138466,90.89456965352753,97.01166158372571,8
14,43,1.2621296204503247,76.17059384999031,101.8510594497087,102.92157083217656,99.49762139714147,99.71304648499229,102.05275042663808,7
14,44,1.1331786748957722,63.26327965387231,98.8446526127116,104.36412175502818,95.16921638314791,99.60305787797148,98.49767025639647,6
14,45,1.1267533485423313,28.765793932479212,97.31177121110092,103.27701914925119,94.64904218552834,108.5952030642091,95.5183367070397,5
14,46,0.5169127999216073,74.57386564281808,101.09651168600217,103.95929655194034,97.14679784899944,104.26234321716476,93.85408201099791,4
14,47,1.4654486346006212,74.94886089144464,107.2605884959128,100.07074632482879,97.01794296015561,98.50409113786283,104.0445963469636,3
14,48,0.8783156071652595,25.3038180288055,97.07772354074781,94.11518943615016,109.10271953970908,97.16802704392639,104.15808393090202,2
14,49,0.5700686957211895,23.397533442653483,101.04735041823886,95.07732974759016,99.97022645393635,103.92001389655374,99.05869332456847,1
14,50,1.2085835457678251,63.91236423719005,105.96556472925514,97.70171613863502,94.60078776109256,96.93206197318602,100.9812047033336,0
15,1,0.8615401877629566,52.087967976871546,99.95943399194125,100.79044612661592,98.61227871842225,106.45636919507939,102.10890037125435,49
15,2,1.3865954415023984,44.6565531410066,106.55095954040449,108.1753319726376,106.5584672463633,94.53929203285634,98.7316196122881,48
15,3,0.5935594069123356,21.000293035977986,98.27417647275102,102.44627267538164,103.43176777507267,95.80553662987131,100.33919256958468,47
15,4,0.6625110652974563,77.58474328771815,89.90036333921933,107.20972502900945,97.43812879661654,100.27931969922248,98.45175143005969,46
15,5,0.9553949052479408,51.080920934511184,99.91694828837045,99.47090621251151,97.73181806204158,108.63113272817816,95.56335270572114,45
15,6,1.3131420044817255,55.30587442720714,103.8589808861783,96.66405457611248,96.3351555043812,105.48034953738699,102.12660654165055,44
15,7,0.9156277820291552,35.49802574765553,101.93191326924031,104.18882110773295,96.60384673403523,85.4287200509153,102.61611592868516,43
15,8,0.8587425105428886,79.73871060046096,93.89839655028013,89.91330600938794,85.8383703750793,104.06990430098871,100.64308725202483,42
15,9,1.3008180998597503,47.067804187870486,103.18662341511536,108.08150021360959,93.03632263916502,99.82724688023018,91.91643312525993,41
15,10,1.4148421498516548,40.12440880978082,98.85308834072266,100.2278194057095,103.11703569139958,103.51720066569447,110.77464338691571,40
15,11,0.6293806169667009,42.54927314047646,101.23041807658204,95.98859986430229,107.40980384218268,98.58390980527383,97.17211816063005,39
15,12,0.9063322309637678,75.59512299310288,97.64342139424441,96.79166589934809,108.32675958811765,95.71915079669125,100.17783037016497,38
15,13,1.484575896376113,59.984438281695134,103.26153075805115,91.84332444791464,102.40130250702963,94.72446162259776,104.11391390417,37
15,14,1.276821367240281,60.405183734685956,95.18674494040512,104.30718262816403,101.25658324119051,98.84349528535151,97.11790211832579,36
15,15,0.748287479630846,79.28083772392529,107.35517345408552,96.50252389916179,94.81466963215001,103.32684467516415,96.01931598406752,35
15,16,0.9111272782593792,34.05950393903161,95.24968251266937,99.58642488051754,101.21545863830349,104.75653122149741,102.63448961832897,34
15,17,0.6466083003600032,29.579980962029044,102.55078734457592,106.36285081464285,100.631570997416,97.65434572894796,95.03566999457227,33
15,18,1.2697314182968802,68.65611156035663,92.77397367793887,102.88681762553331,99.35670276823971,107.03467372945876,97.57940752707592,32
15,19,0.9838772645642591,73.85193959132505,96.95824617660331,102.96265153658881,102.04818059341997,101.78486379633463,100.40639211028099,31
15,20,0.5498601463991643,28.99455519482838,99.81053459141584,111.94185996435219,105.92128322598086,103.61413447492757,100.55899579101694,30
15,21,1.1659471660804641,69.35944810882563,100.13102376387018,98.48217837367042,99.59541331168656,84.14787132060972,101.0530041964882,29
15,22,1.0032204148586343,65.90893099167585,97.5576195994482,94.05518290232519,99.75059922935941,94.76939457468748,102.36703707856233,28
15,23,1.372394563354815,56.78697434415449,96.04559104152717,100.17004048114073,93.17489102286683,103.50747390962357,102.5943559022006,27
15,24,1.478947355854662,50.11217186147022,102.47902510513785,108.02169554154298,98.57452871478993,100.69322591855043,94.56936850409295,26
15,25,1.046247600130851,25.36838736862323,105.51966773350954,98.71859587874214,98.82041735343938,97.96557377747813,97.32621664577839,25
15,26,1.1231378537478254,41.36403794714869,101.4748572785441,96.6728885093527,103.60951742719071,93.65000701303062,103.34420065273109,24
15,27,1.2136602831121537,72.42068207364493,95.02785739100104,101.24774094799038,94.08471907632806,98.73618372451908,105.14706550477663,23
15,28,0.605796520272799,50.36839116167866,103.98350963535371,103.22793856087097,100.09690618849012,88.39842200884789,103.91314913158259,22
15,29,1.3482031285528955,49.57896262748534,94.52364740578598,84.11648093401999,101.39541929172593,101.45781838340986,91.54664186196774,21
15,30,0.9919280240391293,54.36635058422654,95.10750227066697,103.65479488188107,96.74670086315808,89.54848550573422,99.14870876602048,20
15,31,0.6068209929639906,34.33070962421642,99.42679582246804,101.32134135822818,99.24941524373097,93.67996916026318,102.4309239578097,19
15,32,1.051712372019967,41.39353527061332,90.25314122338789,102.53510136067679,99.71302317462983,93.02275747622464,96.46044529662963,18
15,33,0.7434670440667601,47.46587676224805,96.30485670988384,103.2616516908834,107.13652682144608,97.90282623670724,103.7824417715805,17
15,34,0.7049792328259108,64.51972346757034,90.42969964706266,101.53672808353986,98.76123790880145,106.60207004891917,95.62782175830041,16
15,35,0.8192252977861885,74.35470027407885,99.20847260995168,99.08073053420395,95.77163447752943,99.92950517046664,99.68675888939089,15
15,36,1.4232860210139355,52.6894805404059,101.20620124203364,104.61754308023684,94.746883390861,104.34386250295385,94.06831786445073,14
15,37,0.5520237550294469,26.818762321803163,102.93927944068868,103.09869392351435,90.44341554168747,100.46489623264705,97.65751943319842,13
15,38,0.8759712219291391,65.37860581881765,96.20617371032313,95.96811535440975,100.37847470002546,103.42794873149208,99.29175706994937,12
15,39,1.1374024812092216,68.1095539925309,89.10894340134286,97.35266518246496,97.1907895032415,102.39680476714712,86.87591471812944,11
15,40,1.1250915526865286,76.77121363947568,112.74504854358861,105.90783858209574,111.71827026406312,104.35373322294201,104.7440654823581,10
15,41,0.6360562344316429,70.16473404771685,97.62102277997549,95.86944004142728,96.56492950150252,93.24722017828509,99.62064274657489,9
15,42,0.9074078813546854,79.19416944675959,91.57666211386807,100.73467649193344,97.38934214990003,115.38430185090252,106.80057950090156,8
15,43,1.0615945077121942,30.248822378372644,96.95996928531338,94.92760136646294,93.29963964438032,102.16108345379627,96.59309882465213,7
15,44,0.6356266160073134,28.737718802325404,104.83913012012601,104.96891107265219,106.86957192605725,95.73806616962948,102.37682805346004,6
15,45,0.7434426167654107,70.53162385238687,96.14114021303563,108.04760332887986,101.13747937866027,103.17983875355868,95.88961994086036,5
15,46,0.902260413683542,23.073457784258796,93.90357766738903,94.67889996591326,99.95077595674809,91.5574740596575,94.39976288765064,4
15,47,1.2728400834265035,68.19023069796387,98.04061617306567,94.91117845461524,94.86298224236995,98.13365877029344,103.22259245822646,3
15,48,0.6903817862970347,42.00331451562794,104.64122845672162,101.33921818933166,95.88232514687076,97.40873680569399,106.62638045218519,2
15,49,1.0785639322793545,74.68050897298453,93.64040499443638,101.05698283735329,105.31328645393764,98.12183167117232,106.75557044993357,1
15,50,1.3668214856884893,73.63838344775027,106.46372644759103,108.31866416071736,101.52621563265676,102.93695849903006,107.07093644165545,0
16,1,0.6667873351836742,67.84523323649987,97.7572858173607,101.1927747688687,93.5471928902689,99.28370542317904,105.48273559115127,49
16,2,1.1195825928270868,59.8094207077226,89.04373074417359,97.70117692084762,102.71695413935905,100.01573863453163,106.14995184219342,48
16,3,1.4814214249220252,25.84260374648025,104.9134157138497,92.99964638408495,102.93631206732088,98.97186073178376,100.4141628525905,47
16,4,1.0908662673951146,59.163687426633444,96.35914049515092,96.30114418013517,93.32694696544884,98.07163684511076,102.17251323045653,46
16,5,1.3268678471733621,53.75932537416455,103.94959861090426,104.84784512876453,101.63427700305219,93.05350634894505,99.02150734426549,45
16,6,1.4665907702233167,47.132906006103084,105.30044869954332,98.40625842376933,94.85094075729077,99.38327967976944,101.54523721516327,44
16,7,1.368098159867063,72.87504090091339,96.72156140269279,98.82144377571666,95.30268379007009,105.59622458782047,98.52772121205983,43
16,8,0.9852667423426216,66.67456440491222,107.26377772563092,94.95775633726325,89.57051061133332,92.63981463486604,93.1308258755067,42
16,9,1.0259465769014593,68.52796667006905,101.94802262045994,88.89789495532438,94.01016785391369,104.43539888223144,101.43387056191293,41
16,10,1.2235345733310887,54.63120057339853,99.26397360657201,98.89478768231474,100.34684901329035,100.96298459365653,111.96054817636997,40
16,11,1.0457496797794357,41.565429609849026,99.42598875620469,102.8338586309209,96.71313723002638,99.75517484570774,103.55705289732748,39
16,12,0.7431245304226687,64.68504389779534,115.5645510052192,97.88120158988649,97.73292945808073,91.02178413684993,98.3495490414928,38
16,13,0.7474629812331464,58.7142586731999,105.24241325525296,102.43887410542169,96.32883339014481,99.29235181331076,107.99160903820517,37
16,14,0.5073578296254145,51.09234393095125,103.66773906752933,100.38304535225829,97.44118221028849,89.47625247140493,110.21088955267365,36
16,15,1.445017094248494,60.41658991980171,99.71046125061545,96.32441599637706,99.07037759525615,92.00302618902845,111.38543249026652,35
16,16,0.8567704903492512,29.85622696735568,93.82744000788801,106.44037862426188,100.07254499631327,93.81932101984769,106.2716918037867,34
16,17,1.4355230227588573,74.73245427495092,103.65500313392741,102.69217478608226,103.5786712058542,111.97180950291225,110.92547447518056,33
16,18,1.0572518333184107,64.55815938090143,96.56642328498353,102.49547908068875,91.53864584178336,99.14807117305902,95.93588204831718,32
16,19,1.250160832954601,61.60405120574264,89.62756824491845,99.88982567997864,105.60930752397127,99.06660518843277,103.64531822501182,31
16,20,0.7035111083318865,72.40166707048628,101.75582733813542,93.91709597932146,94.39234926287486,103.54676257227659,100.09729127759442,30
16,21,0.5477813646814054,41.133858504244714,98.47405577259624,105.2345589724407,98.32377959065987,93.29467643349216,103.71825887770086,29
16,22,1.2619343757430972,50.306933344640385,98.97561668067641,99.89719721324747,101.44591836559363,94.10538254350837,98.9016527382452,28
16,23,1.447565126324043,66.01093386906638,103.04763022604301,92.22313133079379,101.00422546557854,100.50395536322404,100.2064372779372,27
16,24,1.2746526197930175,53.7286852296551,105.18579449329121,95.03205242202982,100.67962283609174,100.42233393194974,94.6537275312246,26
16,25,0.7688615449790066,21.262214147628118,104.78147501045673,111.62336652926409,99.91496962758085,102.52510544136884,100.42259237907663,25
16,26,1.3410961706161015,79.8109570568864,96.43207665046413,90.89619861098991,96.47113258452318,93.04020809524134,108.52051039029558,24
16,27,0.5410823649555553,40.837308458341866,104.44576912393903,94.39124448572056,96.16567980997723,100.3403613462431,105.14384495711741,23
16,28,1.147519795570163,78.13666383045748,102.50842522584394,102.00117927763388,101.00826452564627,94.85013862611532,100.23039610816576,22
16,29,1.0281777214230172,27.612369683785598,97.5967602925588,112.6969081139143,99.80052808124144,92.97880216869206,99.32909894661537,21
16,30,0.9243720260536347,62.88176534039733,102.59679372818944,92.0878601298818,104.08418505715491,93.09700647050174,97.81922279246257,20
16,31,1.4660214591302085,27.838062893441585,98.71189757244503,99.65183273349946,103.44582228537168,96.58182858856806,98.6313537391662,19
16,32,0.5847661544263332,68.45755217377851,99.92864823525306,100.74798978759394,100.48913587353961,102.1800288761129,104.21919754820868,18
16,33,0.5523328573006628,66.97091707919945,101.96317057825485,102.26792761754609,92.0888841662676,100.2511384958284,102.39753774000805,17
16,34,1.4807611743888516,29.341555865355975,103.64470597285225,96.53824612883103,96.70480362555678,97.12949662358201,102.68206949945672,16
16,35,0.5666598298233061,79.91364839513773,105.16940527462104,97.962699463542,104.53981156813525,100.61739904582296,99.37857111418782,15
16,36,1.1693154163635016,73.29633179069036,98.94307885091015,111.37912713823819,95.73887678501337,102.59050851014987,97.35399495094244,14
16,37,1.4673281113534697,36.115935974875846,95.65356506505678,99.94566431482514,100.68676239703518,114.59086777530047,99.07927092158398,13
16,38,0.8341046520865633,51.30985251831136,94.34910635257658,99.54021608697867,100.0801264114758,103.97300191472605,104.86811124713924,12
16,39,0.8662863862065222,23.176156134129094,96.16939584694664,94.35968722596154,101.54947389690317,93.632072257017,97.92686549714068,11
16,40,1.197013013934263,53.606958980560904,95.02413020050382,93.49206008598334,90.73490758551216,99.37556557324966,100.07848897978879,10
16,41,0.5785098684536099,72.8754840657807,101.09329653378649,97.76839742382828,98.99680350587285,101.83755205270302,105.20215446322419,9
16,42,1.3817089696385847,76.51433523562521,90.22475614840859,98.15530280484269,101.06904396970532,95.41011947694632,108.6558481588365,8
16,43,0.9707009994910616,22.94890342071062,102.78011048421145,97.04357605599053,90.76713476097791,97.85672736541733,105.14720277963521,7
16,44,1.248999017404957,36.33892383086497,98.31552436607431,98.34612551988474,97.44919593174892,100.74728044831654,103.85375104809394,6
16,45,1.0334802087447827,55.78361598154769,105.79919983194172,97.47016900506073,94.87065947015262,100.31165674809561,100.53584957629798,5
16,46,1.4365702180708393,38.50112730057192,94.60743629317702,101.8019669750904,102.52143926692136,101.45482365068722,97.46495670364972,4
16,47,0.6996697380406467,42.27625523032363,108.92387519592548,100.06725182309647,98.87573472102574,95.3560395927377,114.6782895116389,3
16,48,1.3183606413952167,30.300691702593014,94.63335983888553,103.00106482872138,104.78966027607842,109.03804253884631,102.53078827730356,2
16,49,0.9120177389516564,28.303855158087472,101.53916186256943,110.34113020752912,93.01097260787851,106.01288252612613,100.89957184773209,1
16,50,0.5854024842908738,46.98823944226572,104.1891526761474,103.75436389700666,103.27215513552811,104.86028482869861,99.93347682310683,0
17,1,0.7676684371942976,44.635921834296,104.09686634069703,102.11944741221993,95.1710868356802,97.30713163351687,97.6662059402428,49
17,2,0.7511920046044672,39.23405516098994,92.5850778400879,97.93760494056032,96.30651250835218,91.86497539566625,110.1129511528474,48
17,3,0.8467187612359112,64.78712773142684,101.36210698326805,102.08732544910647,105.95542927386738,95.90697486669961,105.46053391991214,47
17,4,0.7463482472423019,23.795204533920774,97.26047347896532,93.32068797915693,103.62068279657248,106.45379212061214,112.93954486765342,46
17,5,1.1554359784406611,33.991253265296976,97.95099378103234,103.91679355262016,92.64755224384375,93.68615112150718,96.12062588416758,45
17,6,1.2901313737261084,33.06684810605411,100.39482022834042,105.13447309128958,102.99788770622678,108.09393819830434,102.07913314727672,44
17,7,1.1618603122150055,41.33178782912046,96.97421882197001,104.55209249842785,107.86867108277553,102.283440053652,92.51920593417675,43
17,8,0.9593460101728227,69.07780966094921,95.40893916745104,100.39786767471082,103.79412208081804,103.48161431040161,101.3939990619273,42
17,9,0.5985468514129424,33.9247146719699,104.28949412645672,102.76784765533897,98.71349999691105,105.4105615649657,99.35482942435108,41
17,10,0.7307345902070538,37.47178729979745,95.74168912832803,98.63794991698157,106.16862139168097,95.97452409484745,100.94237880509051,40
17,11,0.8373590783572796,25.38205514089075,92.44979394007373,98.89730885421731,99.03147310097519,102.70143972017847,101.11640456627686,39
17,12,1.4437741203448162,20.229817430019356,94.00803937523978,105.42099122021772,101.05151520110998,100.99196758588744,99.9540882330743,38
17,13,1.1791716995379928,24.444494432626865,102.37794217964291,91.26552154327223,97.30619581326953,98.72526514798206,101.28085302847138,37
17,14,1.4992072989434408,37.210798738832,105.96655502963563,96.14129592701609,97.51019076591079,97.43732944676725,95.9923620494773,36
17,15,1.2928400452735271,74.34540743818687,98.26406752443869,103.85401109993985,94.73082252317828,102.13907197576452,91.49048884990832,35
17,16,1.2367945687101969,47.20497383745608,97.19331001778897,98.62598847623656,88.99378263274541,90.00555546569375,100.17014793173341,34
17,17,1.229240249097568,72.48482440933849,100.83785052900495,105.81129798752833,97.30204389631434,104.47455278013413,91.83992557486792,33
17,18,0.9673873354479254,37.134776974318186,95.47526083530967,99.76869391366829,100.57050746113259,100.30941676443568,95.36223334594136,32
17,19,0.5570990784451764,26.63258997851483,99.04879577793392,92.51276665697125,106.81614487566125,98.48186963551,97.55556940478155,31
17,20,0.8337042075756299,38.988127043689914,107.94470164222041,94.51889837565717,99.66064309150259,102.158158148188,103.69837734058916,30
17,21,0.9822252303373266,51.21941757148314,103.04367794562208,97.21434713713884,97.06792425555614,96.90113935873062,95.45615164596013,29
17,22,1.4315444071065202,25.34058409376053,108.42262417301725,104.21148663506952,100.11597989278687,106.755078762435,92.43735517350562,28
17,23,0.6593948847714022,78.08133032274432,93.34647434334536,89.11016133902656,96.50292729938356,100.80849263352377,100.51429288966168,27
17,24,0.5194012456182154,39.62040610976612,100.7467095552994,92.94471584466959,104.0157737130701,101.19813759119499,103.66527140733,26
17,25,0.5719067173164456,74.54033533014218,90.53618911204974,101.55745429398895,94.06117380041236,98.01338373724319,102.67182449318192,25
17,26,1.003072600271609,24.974874883668868,100.45546803127957,92.34232342378178,105.75133697949148,98.97357990251875,105.59274972127663,24
17,27,0.6928396089422456,31.466337361468696,96.17906606681076,104.38086965846537,96.45284421335762,103.22297716207588,98.08773801165354,23
17,28,1.4431958496934507,75.90388548522948,90.1201835005419,97.14842966106767,94.10445892818576,100.16951361841168,94.04796132162755,22
17,29,0.9605825506946666,74.04560974704395,99.11202002620631,103.27946068893792,104.81953467037931,99.89950624115174,96.14399850225355,21
17,30,0.7297162836832317,31.974296953756323,91.13015191943936,100.53528726496148,98.27426559430987,103.43966486025714,96.93508364364655,20
17,31,1.3514891816465466,48.98397471159816,101.70912606977484,99.69981229155718,96.99027779032411,96.83384301642512,95.74693373524026,19
17,32,0.8793655982041866,74.65005361938523,97.2949656710855,93.25113465309384,108.84084646529891,101.59982595572582,92.96528299743416,18
17,33,1.1155526231931792,22.373450393756787,108.5229604664869,94.45943770870565,104.88020359677974,106.99743213486171,96.85672847462715,17
17,34,0.9271124464193341,27.72526624208333,98.61243190569883,99.81705012828535,103.29824999041185,105.45091735510223,96.25951967689177,16
17,35,0.9979485925822639,38.602041440747,101.4676876498432,101.24708843842521,98.36663376245478,100.62376049831967,107.57722404176124,15
17,36,0.6365030120835822,33.7202450830762,101.90867084481255,99.15073821161134,108.1836998091532,99.08349645236902,99.90102827739646,14
17,37,1.3193982309664927,41.58949403819399,109.79918627372338,102.25306524715694,100.41386451892713,100.18391416587117,88.07846605607128,13
17,38,1.4537036264917078,58.526614101531266,103.72575432142409,96.44268902958147,98.07771560511455,97.94487531748413,105.1081149203652,12
17,39,1.1604697213644313,48.24898516195389,102.15431209507518,93.62158670002134,99.35726853374021,96.74162438921792,89.02808765089988,11
17,40,1.2486721752509908,69.67549727271874,107.99735470056895,100.82701830149853,93.0899121565378,97.58191430222281,104.20890387392006,10
17,41,0.9294478970787026,48.24235683895624,98.86446996109537,99.29121222986231,100.67781708207355,103.64259321757268,103.18802906115604,9
17,42,0.8456201689007895,57.29043866828505,101.2938490262196,102.52290907238695,103.13269181668471,93.8021885695988,92.48564695658806,8
17,43,1.0335544335535793,20.01446028110807,96.270289367622,96.69229278742354,103.76709731751215,96.92730608154453,95.71825740859398,7
17,44,1.0042634607930316,71.93870218236393,96.9418313165272,99.10374487321545,99.44997250649475,106.4603016716326,96.25414136698379,6
17,45,1.0506905446947945,69.00760217446086,99.19790309012326,112.50450248967141,94.72180255100702,98.23157120216497,93.83784380418,5
17,46,1.0857782709310477,55.206074470675475,104.76230985268084,106.11974376573002,99.01189766102017,98.17379511255076,91.64415113752968,4
17,47,1.0376921285909715,59.81748324603798,97.54021547565259,106.64028444493484,95.1361774162,102.03311017111336,99.13685432854582,3
17,48,1.2295214219764383,21.22046491293066,103.1933856994015,99.6821323040694,92.74536054444388,100.37788186335018,105.24432070937681,2
17,49,1.429870482293879,49.027813794967784,94.77235257162974,99.86869603365074,96.87744772455711,103.73490420052354,100.15745781130998,1
17,50,1.1770937847836445,66.71095280369981,103.45036838168306,101.36559217146822,95.00893870744298,99.9860694466655,97.33454798992084,0
18,1,0.6548426816202274,30.97537555772508,95.10037212608877,90.21330705433004,96.65928475836117,100.9668972596208,93.25911477286255,49
18,2,1.073975175031742,58.24427673567101,100.07841118235812,108.21770754560265,101.95563938466363,105.83754911493223,96.38017634766106,48
18,3,0.9327670817081937,49.05106989935581,105.9307273702115,107.70161989909943,97.23411377326364,98.73024146801383,96.23068943154519,47
18,4,0.8567231693089064,55.54897963409579,101.91326775738746,102.04719265321125,98.61664114140427,100.56697195983345,102.29497000837145,46
18,5,0.7616713666375065,24.019465663750857,98.9306241622268,104.85158100894141,102.09379980063748,101.1029176886868,93.64524139453859,45
18,6,1.0171179308569194,74.48502122359127,98.10710128393423,103.29765734794569,108.83255900163817,105.19303034604408,100.46579168849871,44
18,7,0.910023786741743,48.91969506397203,99.15807538763573,98.36993752091576,101.95183097197688,99.23047386512656,98.39807470281603,43
18,8,1.1713044235642798,29.731002344472643,91.10300534746389,108.57953815566347,99.51237308127189,101.63905536787061,104.76239078476402,42
18,9,1.169053515316948,27.57700835507414,96.29754946833921,104.32412219245505,100.75701523975866,101.49225906990719,96.08700701290705,41
18,10,0.9430399766351608,57.06879167535718,103.53516179805392,98.30120496176238,101.15803737084046,103.93203105997908,97.20226857355266,40
18,11,1.0183239230398233,47.70838889372112,103.80253059792071,91.28526234756667,96.96215604110222,107.84091214763663,107.23898209228933,39
18,12,1.211121817015286,23.117965887870817,104.69320011339472,99.34537097436937,105.6411989163442,95.62078796752445,95.97100172557897,38
18,13,0.9830141128439505,73.20989236813756,106.89233677726904,96.64243896509727,99.72610819830588,95.38793507578023,100.03681340711783,37
18,14,0.7336247636485665,44.573655635750555,92.607265315006,103.4696161659563,103.58294669879825,91.34868634757828,106.66942872750286,36
18,15,1.0019355807808608,56.30427520626462,96.79442869887677,114.12165295501524,93.40515750848745,100.10053233434549,100.89811136315961,35
18,16,0.6310798617047031,65.96942609496668,106.72573810226207,95.24407814806023,98.29089089876932,94.96536319527428,100.23912659892342,34
18,17,1.4339874185126171,31.01477764130876,97.17901910069757,92.52981103355124,106.27572894187452,97.5116373828548,93.65931597512343,33
18,18,0.7672098954860741,50.54680311125132,99.15870432756229,101.65823833562881,94.76421215654868,108.55514404595394,102.61980256038368,32
18,19,1.4377046153793676,74.73527366606933,98.00050004945342,96.27416114841324,99.47516146218189,103.06395370791645,99.872529357074,31
18,20,0.5460691696754676,52.632675269667054,98.91420596431571,98.28397036578481,89.57103780547499,104.86863115426183,101.49398890160882,30
18,21,1.1619015764719287,46.04293210869084,100.43508240196194,94.81928214012402,104.28368710735229,101.99024108254632,101.9728999274211,29
18,22,1.3533957335369418,74.86042655998901,97.87122197674205,102.25247861889018,98.69120854889452,102.77970725822921,90.47527772994681,28
18,23,0.5505074708322821,22.632865302124618,97.83063268510405,108.61077548904098,96.1646627229985,96.98080851253407,97.76019330775013,27
18,24,0.9848587397161036,41.29970694883651,93.92596932055679,100.67929712040828,99.73747465730673,99.27560719026057,100.21520435425194,26
18,25,0.9301759084443132,72.50052198463821,97.12958711456365,98.59437257555958,102.89673379878388,107.06013439271625,96.85928130415411,25
18,26,0.6404990097955173,57.35296377278683,100.49466893514442,100.10208583606459,92.67163071328953,91.154748481303,101.83373203946128,24
18,27,1.4484251555414929,70.54784641013451,98.08062629334609,101.0114020381061,99.91052511495825,95.11799975668102,99.77372849017831,23
18,28,0.8641210568415054,58.36318528724588,93.83449347492572,99.02107364515709,94.78864205976376,102.85210586680398,98.34284314359249,22
18,29,0.5405857121346951,74.82364964038756,97.40666640189394,104.26600772525777,100.14715295838776,102.58322222967983,95.09337031741268,21
18,30,0.5664053534604974,79.36097084252235,92.97591528036247,100.53603981020066,98.40576822252635,103.13217336226973,99.60045773668725,20
18,31,0.7459997403067952,51.92520943628068,109.44218469807129,99.17879007483984,103.487934851696,95.81954164890186,101.5400495110867,19
18,32,0.7152438205009537,71.69749700503871,93.48577618237627,100.14595251967783,103.48987015065049,93.8372984438986,96.57754134693602,18
18,33,0.5497810015230438,36.11000457184972,102.28662140543383,110.49110737273374,99.30958832669259,102.95568058961966,99.4651426507076,17
18,34,1.0125762159242115,36.066458876247054,109.71122797378149,91.87227983218969,87.46714214731642,101.48731026558909,100.69748898073729,16
18,35,0.8293212774825043,22.532028114877907,115.49149717035628,98.70912430984284,102.55062180625038,96.75317590193059,101.47616287520302,15
18,36,1.2044936364116847,47.23079382841469,98.80883162472192,105.8859248159217,100.68373323699615,88.47894032028017,98.19495388373716,14
18,37,0.9932474930259858,54.74778824210295,105.51608786026829,107.20971200976301,101.09481957927987,95.79089184065924,87.82343834108556,13
18,38,1.0888102701562232,25.353330083434315,103.42081604304477,93.75089830205317,98.673812297649,100.16859527450526,101.34296790522149,12
18,39,1.1874368609408674,39.525096840956465,97.01552607634014,91.62765269773378,99.45488290018268,100.1718765451323,100.8029471658588,11
18,40,0.7782171870688221,23.696479117548154,106.81066201842539,94.48407809383453,104.10276751443948,100.92154532039052,97.89986136352918,10
18,41,1.0724077259677651,44.2711714674941,93.86160017771971,97.04360995315147,101.79172255538002,94.01721035691656,92.53245110873428,9
18,42,0.7541472801278144,69.50809253968515,89.38026208649667,114.63635046236665,95.02822467184563,95.3927448828554,97.17303514857299,8
18,43,0.5859103882028205,62.84714845549495,103.06166107001256,95.10705805005672,93.09204140768209,91.00892630295446,88.88212916031401,7
18,44,0.6006199772225901,38.577908600170744,97.40965490262471,106.21702898593581,106.14015104804068,98.32598506277749,91.03039443404019,6
18,45,0.6934472280119375,32.62232489179014,96.7143251886097,96.51140548050877,96.73268552137597,98.0672919205112,96.82229450592222,5
18,46,0.6342024263263503,58.685403595405575,101.04161254312795,106.35532663003517,95.09968849079692,91.91099693092332,101.90389035682526,4
18,47,1.1508279504893282,26.976420817572837,87.98165699449734,106.96227970741533,103.36146704020202,92.49761725418499,92.60611438076857,3
18,48,0.7252071002162016,35.4257653637067,108.36132952048764,88.66973952925359,98.24610897199223,98.86140192582124,103.57746548384742,2
18,49,0.8734445911454355,43.01207074603862,102.25481317388238,105.03365035613533,92.14423824441059,105.40757043149871,100.18770920743411,1
18,50,0.8982502348634128,49.83003684306114,105.45902669537323,99.2401630884198,105.30071909335635,95.53126990458142,98.06017515546274,0
19,1,0.9394653743584421,49.779366277062735,108.35673787718738,95.49312160051413,102.52867716236399,99.56649431925895,106.2880952817968,49
19,2,0.6093559031094788,43.83747757675434,102.0302806121404,103.9892535069107,90.63279348022692,103.22945210137947,94.50477624222563,48
19,3,1.0428781323608052,69.97361569323377,103.22061883925055,100.4099440691236,91.23811452429501,95.6963541830233,103.36194668805692,47
19,4,1.3369278328446237,79.72901664399319,100.83327908679922,105.90494952652836,102.01637281518586,95.1664905464867,96.01967931139683,46
19,5,1.2869757993812008,23.382911231193894,100.51458695261618,88.42977966999948,108.36720942811493,102.2087336818878,106.13517298524437,45
19,6,1.0853754227909564,52.85696603922483,92.09698029595415,93.39560822311341,103.85700897451883,100.00554972343646,92.27783075875878,44
19,7,1.3404427505460201,62.07760052530305,96.99436723665576,105.82958260127612,91.66618296605401,92.52621926775178,100.68298697794376,43
19,8,0.6668297049502628,22.801089193956425,100.12692638986135,96.41713255787947,104.04797217985943,102.65447157107975,104.29069535467008,42
19,9,1.4456735370508045,44.53563414540032,97.77174848485002,110.26909345043298,95.93727114939007,110.52648714729156,100.17443973544704,41
19,10,1.0285842014374422,68.63623089560966,93.1224455521563,104.25562049190118,106.11927959271297,101.68977777072513,97.03879577593592,40
19,11,1.0003051563545147,73.64597216636955,103.4292890930421,89.2313471310427,102.23490858504925,96.80707087427484,108.26654818589265,39
19,12,1.4166431026939161,62.32979911607743,103.11543673944547,95.00779573561641,108.11628345264027,109.95685209208452,101.96456755274109,38
19,13,0.9174482838964625,63.84074069170341,96.01443216887509,100.20462374364462,102.1747051918395,98.0300665937844,102.68884095184242,37
19,14,0.6175572491209366,79.41335207690443,101.53194741036707,95.00846612354472,102.59396508725861,104.31764121260761,100.85734658795195,36
19,15,0.8201811674284386,60.215238562661554,102.33975211065926,94.14859646801612,94.42959320883456,96.84534583131105,95.28969908212878,35
19,16,1.4019161078378828,43.83121317902773,97.26002090629432,98.39420480647149,92.07187146615203,105.7003392324758,95.81454933192481,34
19,17,1.4712199118854943,46.28201940185881,100.9980520920139,105.47089773760737,102.3950157169638,95.69345210151445,110.89281086995831,33
19,18,1.389687412571665,46.42607423936276,100.97166731669117,101.24725472965036,101.99614096469664,112.46091999300343,98.62439285872476,32
19,19,0.8255811325190114,79.01583798432645,98.41119552991302,100.58289256006232,105.35757967790519,92.467329849048,90.17222054261748,31
19,20,0.9382986080331659,35.76159859280031,97.06442364689926,102.51249848064646,95.54625568223868,92.86586711609328,100.34668580857674,30
19,21,0.8195894262599983,55.50847445979956,104.10116199152992,104.08653101869163,104.77042551078314,106.09240107435843,111.01006962329808,29
19,22,0.5383615547879746,57.28786535940708,98.21953975690472,100.00988422377905,107.66436677818156,93.27492758034666,95.69475163917213,28
19,23,1.1428020501620826,61.568071917794526,98.18434176591461,104.2720100056036,101.70607921246017,107.50137304500494,100.37254796913386,27
19,24,1.0176298283979672,54.67262488645454,105.1281605693629,100.24664082897422,103.61223492610489,98.17359570898057,111.93983852762366,26
19,25,0.5936574526074745,66.08536270511999,95.82155497489983,105.4861009580322,104.33593706413869,97.51322814292953,102.88225672561211,25
19,26,1.4359941790017778,60.687350092198784,92.45722015893571,108.53664904779612,96.14590598635655,93.60823685598838,95.52286019537479,24
19,27,1.4966832779346797,65.04741387078727,93.3171574984254,106.68328678879492,107.74319647512019,101.60108288974415,106.10647472842574,23
19,28,0.5334265330932216,42.0051245855564,100.66979190290118,98.44804504311217,92.26099221845485,101.3212738180367,99.79833044892978,22
19,29,1.0540583834602106,75.84997185054846,99.18648149215454,95.64403484996184,100.36076618410881,103.69118615408081,94.2833050445807,21
19,30,0.5007895110932188,68.60840544472768,100.4373687684037,101.16521475764742,96.40967608190869,97.06071847545999,101.15305424383108,20
19,31,1.103755143837613,29.835903257192165,95.523228131704,105.31426846516608,111.6891387269415,95.6962159914909,102.67103931187337,19
19,32,0.8026403406368146,59.74231159476521,96.3662904755899,102.40293379213857,95.63505516555324,98.96507705450816,94.84487362426347,18
19,33,0.7472060737388768,64.90251496569095,102.75982129665914,98.27950985868833,99.42763814100569,100.73877953700064,96.19087664170576,17
19,34,0.8915370996016292,62.799303770076335,101.05183556770443,105.85905071636923,107.49048816743893,95.91922505485978,92.72472697454724,16
19,35,0.6029461447002862,63.14136922601606,109.34301609581502,100.17403770249916,95.9890029598241,94.26420244494145,105.44952479545415,15
19,36,1.3972984957497385,51.09309893815565,97.14408012957907,97.57870824034585,99.77035585629919,99.9171579508874,103.41662255758045,14
19,37,0.8419344935747266,75.4531060905596,100.31824530748258,98.14110494238255,92.61193796540277,101.28800428699064,109.46095880416534,13
19,38,1.2271311968819276,20.043011522394785,95.58140429654469,96.13485145198649,95.6463611417813,103.62295889361562,102.2424272709822,12
19,39,0.7569522995084699,21.254570740114097,99.20731153791772,95.40990469180518,100.46188395819962,92.17688936332098,100.71713283428747,11
19,40,0.8544239919873862,42.86881292208413,104.35762193043968,107.8971894584743,96.94120180247708,105.6797392297191,99.23001167401084,10
19,41,1.4440947859303646,40.15676920273603,95.58000571626779,100.66248571747823,98.09255292587953,93.39753278297485,101.68741037363199,9
19,42,0.6582862560590981,47.339649293185516,98.68346096561042,107.95700183881402,104.38357093193058,104.82077942085989,98.47277648779159,8
19,43,1.0683191510779255,46.370466826853104,99.69451245997065,96.25600101989973,102.08400787241557,105.83560394001648,99.88474721957267,7
19,44,0.6184617050944818,20.818390750152865,106.39287583969687,105.41499969258435,94.61809406298971,96.63104947170262,104.78768581639883,6
19,45,0.9956539208832471,45.2671342660449,92.84584399187663,97.61723099283238,98.50589955485398,98.20877811046246,97.23869373943695,5
19,46,0.8578411586415332,20.507089763747633,94.51428175185593,111.45955633409343,109.33731002080675,94.18967089871859,107.91058375651784,4
19,47,1.1472222833978556,22.68610332130921,99.68363020051542,96.70125679373017,104.91926171803074,100.6294326528833,97.6172428839038,3
19,48,0.8166024348274129,44.00931637192394,93.47705278099764,100.06111774207585,94.01667203857802,98.67219743740729,106.85050926805185,2
19,49,0.9906135758981991,70.92605511687886,99.56457636928425,109.39937274710505,102.60378060179356,98.36096770061738,92.86990941439774,1
19,50,0.7691197526380104,68.18798533617476,101.96936609082371,101.45601377569017,98.18213352542486,99.07983800400498,87.56088971218834,0
20,1,1.3806505774645779,44.774671375352796,96.84298722216721,100.26263184107658,96.2202464665404,101.80220838146387,98.91738401231913,49
20,2,1.1478370386082264,62.72431953487583,95.30379229658996,96.97546618035912,102.48894154708888,102.6870600141019,103.21150617505587,48
20,3,1.0967229901062172,40.23212211013717,97.15150518537135,98.21086033279367,113.189408761301,101.50936690360506,98.06838762276412,47
20,4,0.8635144573692667,58.46036343924207,88.97352813622047,94.98280548250249,98.34323850456076,107.08205895850146,103.8661999333288,46
20,5,1.4319127325974559,36.73231557565789,96.99807153564447,100.69826844782675,100.36668372389069,104.84384947840677,104.83589061219475,45
20,6,0.6503106224839688,22.31549371628803,102.46988691102823,98.18826221226949,103.70911147195064,99.54015766898476,94.59042815643434,44
20,7,1.0983060756960188,21.858236205350607,104.55107891832373,99.08235913921423,93.95400644380197,100.2837084164841,100.56728020028277,43
20,8,1.2317052727231514,62.55084222766428,100.92918814451376,97.02894563809167,96.91928270975528,94.79900644522263,103.49407835140238,42
20,9,0.9386716968030488,66.92010953563648,98.79284717637503,107.33391278449488,102.52778926607503,102.18117852400528,94.04541747013137,41
20,10,0.7740117803855475,38.89046932452412,103.39364034639709,98.26614211616644,97.07103638275655,98.8920015280748,92.7950918273754,40
20,11,1.408437547872265,26.268819005237486,104.79408153233837,105.63843147258214,90.26328762929593,104.89228902833275,95.94735685089186,39
20,12,1.1935098370463204,22.382672454334834,104.28487768491394,99.07451175289391,106.06064602116743,93.80205993737486,103.03920169367504,38
20,13,1.1770737126584478,66.3344165535966,111.62349457161709,97.35526618637651,104.78652411296765,99.4695468232929,106.16703038176335,37
20,14,1.3013520582702487,44.630289280901394,99.96155502139315,97.54219030490535,92.93637120549722,97.41576558413085,103.09516473294266,36
20,15,1.0244363458577492,68.36580487764485,106.59098533617012,93.20912539261204,97.78368267591048,98.55712441422949,99.4272028626374,35
20,16,0.7713813950795846,71.30656531984641,100.42047194125098,100.69514343476563,99.77438554837974,95.37055048054425,99.43166655459282,34
20,17,1.2075228189780427,21.870494546715275,99.28170235051441,99.17459717498477,100.15879728290726,100.37836770306693,97.83852410446335,33
20,18,0.8363127275049556,34.0690404069902,106.36357366985632,113.89981812111778,94.81004322505385,93.2312266264512,103.67238372500609,32
20,19,1.4486540809029906,30.18550989242815,89.61440073113063,98.8236304501378,110.72912462538244,92.275320389233,90.09017757130644,31
20,20,1.2327234154133064,61.15257650518788,92.50409399021152,97.43705601510746,103.41606202000534,106.95127663755994,108.93673207214913,30
20,21,0.8697378108726888,49.16345251416085,95.89560538795156,97.86597902532371,98.70530601710804,99.0607029949564,105.59447298965334,29
20,22,1.4506063715798727,63.78070481883448,106.3721421334379,99.14163173037608,105.4924243802591,101.78830683315545,100.32252986431286,28
20,23,1.0323043638481662,74.31930970256539,110.2890558854888,92.8079441660272,97.42414550453991,99.36740551523025,102.19726345228996,27
20,24,0.6985428588682017,49.68970739728521,106.33980243551545,104.21256948227503,103.77479383070983,90.29070670310297,99.980979331646,26
20,25,1.4737425820384935,59.80175665738957,92.04929084659851,96.67674451248969,95.485955365186,104.04632349120993,100.58415087086092,25
20,26,0.7899873926441419,57.7343086954169,93.57204499621986,101.65056895235472,95.92994665354222,98.1716145873474,102.52135374019193,24
20,27,1.2783719045454913,56.51429559043846,99.58873150164274,101.5322543148167,97.81131338797837,100.90994941311399,102.19743024004256,23
20,28,1.0389808744501206,37.272770200090676,99.50845076272812,101.82280738677728,96.59913261826024,93.57806481963743,107.37939575251983,22
20,29,1.4509413518658343,21.33216877927102,102.45722755447201,98.85459484539145,94.31483558426257,95.89092585789327,106.51295198393116,21
20,30,0.603146760878361,76.58124257874417,100.68830970434023,97.24706466499647,102.54844615612328,95.92800906276838,107.5042151514019,20
20,31,0.9022946780763187,66.99740554633198,96.8566487648457,86.9093340065386,92.59209614224316,93.30265112521121,100.67595170493694,19
20,32,0.9362144171200454,31.687628158635604,98.36883147779321,102.52668573823674,102.63919674957793,90.50164859570559,99.35868259758085,18
20,33,1.1380927257964524,37.28912814664419,103.9207320817675,95.5098638683777,96.169773987998,97.69366474750846,88.7360330263433,17
20,34,1.3733914579092192,43.69941623294195,101.67984086720288,94.50795391018724,96.90438525875034,92.46737370980442,94.97854718252873,16
20,35,1.1773039592981411,37.37496228024362,96.50869075624304,100.62087842372307,98.09618298069098,93.65267366993594,99.15849788414178,15
20,36,1.164074121199834,35.30523334528389,102.99551665931797,95.75139539261151,97.58508036963579,102.65341561505024,96.68281921390256,14
20,37,0.5158380709448742,53.468607544126066,100.6468400335191,88.09630447238251,90.85159092395959,103.0798350302342,105.18590702824525,13
20,38,1.3712769881211573,31.554897947511673,95.4475664823424,103.46608800829353,89.86161364164576,95.56979876510812,98.33710310075062,12
20,39,1.0893316449477282,51.50845110617778,98.85997136595141,92.96511268948005,102.0113403860065,106.60497894770356,100.54007060489751,11
20,40,1.202738299289587,67.56220434684508,95.46675727422854,94.86959577902188,101.90712808767171,104.98632783829436,105.90945021279447,10
20,41,0.5244268829406332,44.70486005541459,106.13636911040632,93.94919748509557,102.19289645460503,93.14986686317785,105.326881361298,9
20,42,0.7518147020091317,78.86176934690457,98.7097724219442,106.34291617823735,102.45706378177763,93.88389884969035,107.12313866038622,8
20,43,1.1114948527191992,61.76188441934682,96.1920606748189,98.46993022821296,100.7271360870288,96.48144800334283,108.46173286231603,7
20,44,1.0097355100039371,45.346747401852745,100.72163235863019,98.25921301591343,99.62536721940776,98.1569031710715,104.03523208303343,6
20,45,1.0877954050663723,70.83780473212963,98.3034440643092,99.79331397595415,100.09799808288814,95.98784980067582,102.89464324285618,5
20,46,1.1176945861885907,58.66539017778899,102.30021161930233,96.57162541204934,104.10149187254483,95.24523308452764,103.47966050470424,4
20,47,0.540330161051513,32.06819255542264,97.41692900619947,94.88373388312208,101.40022671348703,86.6271643592293,91.24512212797386,3
20,48,0.5291706685740745,56.306097334229044,99.11254058112858,92.102818506412,95.91054078930748,101.95604663618697,102.90890885314181,2
20,49,1.3577655483724422,49.69896768274766,101.98698511729617,96.26272173020894,98.59748973294191,92.98566921396073,99.45930504804292,1
20,50,1.2443682043039908,57.166704429089194,105.56050309610669,98.48557378100503,106.73049897257128,99.03347886776015,107.35792541284947,0
